product_key,product_id,product_category_name,product_weight_g,product_volume_cm3,product_photos_qty,product_description_lenght
1,0011c512eb256aa0dbbb544d8dffcf6e,automotivo,100.0,3840.0,1,177
2,003128f981470c3e5a2e7445e4a771cd,esporte_lazer,1550.0,2560.0,6,1100
3,003938452c98ff9ab28e9e7b4bfe97ab,moveis_sala,5050.0,20000.0,2,420
4,0075c14603d80515e20908c156ceb47b,esporte_lazer,150.0,4608.0,2,329
5,00a985c524adbb97a4211e4ce17aabec,telefonia,250.0,816.0,3,734
6,012dd0e1c1f14325ee35f06748329355,beleza_saude,490.0,3750.0,4,1690
7,01b154ceb5457897eb28b9e549f28219,papelaria,400.0,4250.0,1,447
8,01cf8c7364048b4b6ed0fe400667054d,brinquedos,1200.0,9600.0,1,241
9,036734b5a58d5d4f46b0616ddc047ced,telefonia,300.0,816.0,5,751
10,03b63c5fc16691530586ae020c345514,bebes,7150.0,42750.0,4,728
11,0417855683de23ba1e20e8a358a5ac7c,automotivo,1475.0,21420.0,5,633
12,04869307f7e7dc5b07f1d83406ade1e5,brinquedos,3305.0,25992.0,2,443
13,049b55359c60ea6403938b9e408f40b8,cama_mesa_banho,1400.0,29785.0,2,297
14,04b2173a311a1fe1a8c90a59c0a0f474,pet_shop,700.0,14000.0,2,186
15,051b9ff13dd55c0a6655a15ff296f80d,esporte_lazer,3600.0,32798.0,2,529
16,05d26098907b7bd26c0f92feefd10eae,brinquedos,200.0,3744.0,1,389
17,05d7deab2f99410d5fa21a75deaa1fad,fashion_bolsas_e_acessorios,750.0,23328.0,4,1383
18,05e75e2ebb007f6cadbc9925311b014b,moveis_decoracao,500.0,48000.0,2,522
19,060ea530ba6184d49f7b1cc031c4c97e,cama_mesa_banho,950.0,12500.0,1,383
20,062597771ee91356ea34084f28c03a4b,fashion_bolsas_e_acessorios,300.0,352.0,1,1399
21,068ceaa8a3d9d385cbf53d5335f89f80,utilidades_domesticas,1200.0,11178.0,1,395
22,06ce9c3e61c7a07f872f8317a7dc534d,beleza_saude,100.0,1408.0,1,3887
23,06efa56b8557e1efcb2c107f55d1a8dd,ferramentas_jardim,600.0,1862.0,4,481
24,0776155007ad20447a0b0f91d4aad644,alimentos_bebidas,1000.0,4732.0,6,2263
25,07f01b6fcacc1b187a71e5074199db2d,agro_industria_e_comercio,16400.0,232848.0,1,430
26,083178fd17a5d863811733e46fc529ef,esporte_lazer,450.0,15625.0,3,256
27,089cc17c8bf2226d13648392e33dabd7,informatica_acessorios,225.0,1700.0,3,999
28,096b3aa9d2c93af82434f196a713ad74,automotivo,5750.0,17670.0,1,366
29,0992c6cba95a13bfa68ea7d5e22d478b,ferramentas_jardim,3850.0,8352.0,1,671
30,09ae715b435241d687067cb868b056a7,utilidades_domesticas,15050.0,90000.0,1,1182
31,09c3d39641970009c198caed304ccfc4,bebes,300.0,6188.0,1,1659
32,0a17941f41b99d2f070fab54b458a4a4,malas_acessorios,300.0,6992.0,1,453
33,0a2fff0d95ef3bbb7dffc618f9542ba9,relogios_presentes,283.0,2808.0,1,567
34,0bb7cb61f1957f79dac582ab66ccdc1f,utilidades_domesticas,553.0,2430.0,2,561
35,0c03a930e654a5f1ea08f95a5c67d076,beleza_saude,700.0,5440.0,1,589
36,0ca31cd8916e06a977f3596faddc6852,automotivo,9050.0,19712.0,6,703
37,0d009643171aee696f4733340bc2fdd0,perfumaria,422.0,6048.0,1,150
38,0d79e2972015716ede4fabeb5b60f8c6,market_place,2150.0,30000.0,3,257
39,0d826eba8e0a2ae3bca9e3a947dd756d,brinquedos,250.0,3360.0,4,423
40,0d8c64a12c0e49b2515674c031b965a1,moveis_decoracao,2200.0,8000.0,2,220
41,0dc7e2749b6f2da894167fc88c86a2cc,brinquedos,263.0,4256.0,1,1155
42,0de11423be68ad641c9be1135450074c,cool_stuff,7000.0,30888.0,6,877
43,0e40b1ed4cfd3da1962ec91913e54ba8,eletronicos,175.0,3630.0,1,424
44,0eb41884a8773e019708fb8409fd8347,bebes,21467.0,220932.0,1,1064
45,0eb8e03d4ef83152c4642b606b5bbdec,moveis_decoracao,2900.0,14000.0,1,348
46,0f2ee8171adfc13c81f69ff4dcb2b635,beleza_saude,1413.0,19840.0,1,1194
47,0f4d27b820e317c951649da022895e0e,brinquedos,325.0,3672.0,1,337
48,0f8977d115c52d93a05dd4eb7052baff,cama_mesa_banho,3975.0,23736.0,1,266
49,0fa0bd7ef862a1a28d6cd9701fc97f6c,instrumentos_musicais,400.0,3971.0,1,1053
50,1065dbb6b0bf03daaedab1236979e296,papelaria,1400.0,59280.0,3,488
51,10d43b23591dde746f32fe6a7beb5bfb,beleza_saude,150.0,990.0,1,803
52,115bc0865dc675638645e1ab5311e30c,bebes,850.0,15750.0,3,726
53,1175dc374bce5c9d93c4d4281d8d85d7,perfumaria,400.0,5832.0,1,693
54,11970aff9a8cf29a520127d0d8100901,moveis_decoracao,2550.0,22050.0,3,1750
55,11dc4053871ff53ff79fb1fc7e6b160f,esporte_lazer,1600.0,7700.0,1,347
56,120ed962437fbd2a403ab98f630d8e85,cama_mesa_banho,2650.0,10890.0,1,430
57,121b9686b9929855d823981fc655a6fe,utilidades_domesticas,6250.0,34132.0,1,747
58,124a15d998dfe011681819d7c792f7bb,beleza_saude,300.0,2244.0,1,180
59,12827caf723c4ff8030d64dcffe3cdab,beleza_saude,150.0,4368.0,6,3939
60,13191128a8f50089d2ed9b7a25dc21df,construcao_ferramentas_construcao,6250.0,33880.0,4,1087
61,13387d462f74993d258b62f8f85fd9b8,beleza_saude,150.0,1344.0,2,2610
62,13ccab6df565f4b742fcd81031be9aaa,brinquedos,3850.0,37310.0,4,1250
63,146a4eb8f7cef9788fecff10b104dec3,livros_interesse_geral,1000.0,4356.0,1,2068
64,148d27957e1653a2e9c8c3771f5a5a0f,relogios_presentes,200.0,1936.0,2,628
65,14aa47b7fe5c25522b47b4b29c98dcb9,cama_mesa_banho,1100.0,2560.0,1,630
66,15571dce56ff7d152dab99a0bc8354d5,esporte_lazer,482.0,3168.0,4,1530
67,155eae0f604655ce68005b34cb88b7c9,construcao_ferramentas_construcao,2700.0,1936.0,3,3500
68,15b3d40f375c0645c1eed4ed1cd8e17a,fashion_bolsas_e_acessorios,150.0,1936.0,3,401
69,15cd31f93b25e5a517f05b1af31d353f,brinquedos,400.0,8000.0,1,1475
70,167752e318335bf6bdd6906c4c470266,esporte_lazer,200.0,2016.0,1,1422
71,1684f99c7e0e67403e52a7783366870f,automotivo,4200.0,14664.0,5,651
72,16b06ede456b922e56fbb4b3818aa875,fashion_bolsas_e_acessorios,200.0,1584.0,5,382
73,17597731049645b4a7cd01de0b4188d5,brinquedos,7175.0,44000.0,1,690
74,17d4764518c5a017b128060439d1559f,cool_stuff,1000.0,15680.0,3,854
75,17da5d80ea0eeabd565083183027d588,bebidas,700.0,8000.0,1,879
76,185013b2b9237c14bd26a394d9fda023,climatizacao,150.0,2080.0,1,1161
77,1860b96949f9ff0adcd5e2c340d32e12,automotivo,800.0,2352.0,3,966
78,19502a282608c5627fb32e22724727fc,brinquedos,11650.0,49500.0,1,181
79,1965752f8e30a01b19fea24c2577ad0d,alimentos,1376.0,7245.0,1,528
80,19d97e807df39d7af6311ba423eaecc3,cama_mesa_banho,8850.0,2560.0,1,273
81,1a2ece70966710dec441aa587993b5b4,unknown,300.0,2430.0,,
82,1a986b4015f20a3c26d8573a46dcf65e,cool_stuff,300.0,4590.0,1,269
83,1ac09f60f3c3bc2021c637ef23fa3248,brinquedos,600.0,8000.0,3,735
84,1b37262ebd1307a6c9aab9aca8584e76,pet_shop,1300.0,5400.0,3,1290
85,1b726b3b028ce5af355fc94c066520d7,eletrodomesticos,425.0,25857.0,1,230
86,1ba7948f3aa31cdaf78a4885f3c5385a,brinquedos,1220.0,14520.0,2,566
87,1c0b635cee597371e54d222a1d8e0386,relogios_presentes,300.0,1936.0,2,706
88,1c12e2e95f36322f3a5ab8153a76bd73,utilidades_domesticas,9900.0,58621.0,2,303
89,1c1890ba1779090cd54008a3c3302921,moveis_decoracao,2550.0,31320.0,4,158
90,1c36a5285f7f3b1ed2637d7c528ce5ff,malas_acessorios,1600.0,61050.0,4,769
91,1c6fb703c624b381a20f21f757694866,brinquedos,725.0,5610.0,2,471
92,1cac2c9aee1db62c108da2205880e09c,utilidades_domesticas,600.0,8568.0,1,536
93,1cb4e06ac5f21ccde771561d17ec0afb,cama_mesa_banho,1250.0,2560.0,1,353
94,1ce0e963805e3c170485768e8b09fe65,moveis_decoracao,800.0,15625.0,3,1342
95,1cee940750667f29c969974d268656f8,beleza_saude,580.0,6435.0,1,1918
96,1cf39a397efa955b102a52ee7ec5531c,automotivo,18200.0,12600.0,3,907
97,1d3d7e2bc2cb75e4e2c798ec9aae0279,telefonia,175.0,612.0,2,1260
98,1dcd65bb5dd967d7b4c6b0223cefb838,unknown,9150.0,43560.0,,
99,1dce3fd38c13a3e74fe5000f33858442,automotivo,1800.0,3960.0,3,674
100,1dd3a0b856546758b41e8ef9935f1831,utilidades_domesticas,600.0,2800.0,1,532
101,1dfb36d969d347f56f43590ec42c7b8c,esporte_lazer,900.0,2028.0,5,1212
102,1e12f1836c1f08b25ef78fcdf76fbf08,ferramentas_jardim,900.0,2553.0,1,884
103,1e5428c428e0f783acd6e3d94ba4ee2a,pcs,12000.0,71550.0,1,1067
104,1e56c680b07833e85fec6904b2c7e4b8,pet_shop,200.0,6318.0,4,502
105,1e9e8ef04dbcff4541ed26657ea517e5,perfumaria,225.0,2240.0,1,287
106,1eb44be9d824d20602d68a0f3346d8d7,cama_mesa_banho,6200.0,13125.0,1,148
107,1eb4a9aee05c9cad041e09add2a26d68,malas_acessorios,800.0,8512.0,1,244
108,1eba879220bd0981a0e2fbab499ed4e1,moveis_escritorio,8950.0,45084.0,1,476
109,1ec5373950b7877c5de483a123223810,esporte_lazer,3700.0,12000.0,1,2819
110,1ecaa47c3ade7f098ca5dd97e8dcb018,telefonia,150.0,627.0,1,653
111,1ed390fc2e1df06251341c288d315eea,esporte_lazer,4350.0,8000.0,1,1236
112,1ee079ac734051dc6b17c085dc203b0c,eletroportateis,550.0,5460.0,1,2259
113,1f64ec386a6be322e71596931f5d2377,perfumaria,200.0,3872.0,1,499
114,1f8281d23bd0d53a9d2cea4bad53ca58,moveis_decoracao,18200.0,96000.0,4,745
115,1fa4ef78e1b8f0afea31e4ae9578affd,cama_mesa_banho,1600.0,16000.0,1,739
116,1fb2c1a0d7f863e0644077cb5d8f80df,moveis_escritorio,16500.0,94192.0,1,2261
117,1fcaf044ff67ca59df3f6cc560d9fbfc,esporte_lazer,2350.0,8832.0,3,958
118,1fceb6597ec80646345b1d8517b48cb2,malas_acessorios,700.0,9600.0,1,413
119,1fd68fefef8ff576fc3fac7db97f67f1,cama_mesa_banho,2400.0,16236.0,1,558
120,1fd78e3ef5fc49eddd84e82c035b682c,moveis_decoracao,2200.0,29792.0,3,461
121,1fd95182c672cf5b10c82207ca5dab97,automotivo,1100.0,6118.0,5,797
122,1ffe0f57d9bad302d252f7df6d6d29fc,automotivo,1700.0,9792.0,3,1391
123,1ffe365aa7583189e63f2fa4f060b269,esporte_lazer,5200.0,42000.0,4,785
124,201ec8e4fb8456dd06265be68eb419a7,moveis_decoracao,800.0,7072.0,2,1743
125,2029248294c186017ecfc48cecd47bbd,ferramentas_jardim,3250.0,9856.0,3,586
126,2039ecc2a76b653fb536a86a570e66d8,esporte_lazer,500.0,1800.0,1,407
127,20424e1f503b9ceeeee60b717b11ec36,utilidades_domesticas,1725.0,56000.0,1,1298
128,2043cae78c8b731c405c7329a05154b2,eletroportateis,750.0,27000.0,3,640
129,2068e3435a38f6a3cc95ba89a96378ab,automotivo,3300.0,14000.0,1,894
130,20d672f52195d2c20168f758a77303d6,automotivo,200.0,3600.0,1,93
131,20e37962088a4061d3578def47a8648b,moveis_decoracao,800.0,13600.0,1,208
132,20ee98f10c16f05a43db060ab1cbfd7e,fashion_calcados,100.0,3248.0,6,375
133,212cc0fa7359ab242a697a03a574f719,unknown,200.0,352.0,,
134,21419fbb5e6e21591c1dc83cb75aec07,casa_construcao,5850.0,37500.0,1,1582
135,216b222c2a8c6918d4203f3cbefb8568,utilidades_domesticas,450.0,4000.0,1,897
136,21d325f98c6505a72b1bcf363f3d3f88,brinquedos,1250.0,12122.0,2,1532
137,21db47f6493b06e8e7fc562ec9890e77,informatica_acessorios,300.0,4375.0,4,281
138,21e72a490cbe93ed7aa675d2b1ae105a,informatica_acessorios,650.0,7650.0,1,240
139,224703229a7c966a5b191651e1561be2,esporte_lazer,8150.0,8000.0,4,234
140,224e8e64188b2731d83c3f5bfebd29d3,construcao_ferramentas_jardim,1450.0,3072.0,1,118
141,22776ebd2bfdf5f55499fd324862a673,automotivo,500.0,2240.0,2,878
142,22937a73f92a33040ab4e2540355a5d8,fashion_bolsas_e_acessorios,100.0,880.0,3,554
143,233ad2cdae25fbf46f0d090b678d23f4,market_place,775.0,4725.0,3,213
144,23ab7bb9eac81e85ec43ed71064cf7ce,cama_mesa_banho,550.0,2560.0,1,613
145,23b3e6e0aafa806f323de78534212b67,construcao_ferramentas_jardim,5650.0,32000.0,5,1007
146,24f9f99148480cd31288ed4e7d962e15,moveis_decoracao,850.0,8349.0,1,1953
147,2500fb88ba75d71bd264e88b4da5b44b,telefonia,250.0,1408.0,1,370
148,2548af3e6e77a690cf3eb6368e9ab61e,moveis_decoracao,900.0,12800.0,2,184
149,25a048d00b596eeac27424b4e897f07e,musica,100.0,4224.0,2,364
150,25a675783383c8e0aa707b7e9063c925,relogios_presentes,253.0,2574.0,2,700
151,25cdef5b1428725aa16b8b9a6fbd72ca,industria_comercio_e_negocios,1200.0,18000.0,1,1058
152,265928225c1358e74bf8668ff65096f3,brinquedos,300.0,2992.0,1,119
153,26a5c56121a055cfa75ae4f9e324c024,automotivo,75.0,3600.0,2,199
154,26d114f0b4f14f5e3b3db0e211019777,moveis_decoracao,17400.0,61740.0,2,582
155,270c3d76b5efb36480487920cec3e167,eletrodomesticos,1250.0,4840.0,1,335
156,2734390ee304b0f4817b3c233094fc16,instrumentos_musicais,16200.0,88000.0,3,2367
157,2756f88aa420dd0c5aa25b2db78d4664,telefonia,200.0,836.0,3,381
158,278b3c6462e86b4556b99989513ddf73,eletroportateis,350.0,8000.0,3,587
159,27c63413ca2806bcab40a31d0f862a59,climatizacao,4550.0,26880.0,1,1271
160,280c05c66173c2b377f3e449e33abc6d,brinquedos,400.0,8575.0,1,640
161,288d91794eb2b14fed9ed5e469cb87c3,cama_mesa_banho,1100.0,2560.0,1,701
162,28a4dc65b49348e9de7f1aa7bfbabfd8,eletrodomesticos_2,14350.0,69905.0,7,319
163,28b5eddd0f9eb2e6a7dd8a36e0a79828,utilidades_domesticas,300.0,2100.0,1,279
164,28e410092e56a080e14595c053d0bbe8,perfumaria,200.0,4096.0,1,416
165,28f71b48a5f99f0bcf4642ae10352557,relogios_presentes,500.0,6358.0,2,431
166,2954628cc646e129a849918ab2b366ee,automotivo,4200.0,14664.0,5,651
167,29589c613b8c17e6fe91da9af08ed148,automotivo,350.0,5000.0,3,736
168,29608c81e9f1be14503667ecd1d35c63,esporte_lazer,200.0,4500.0,1,473
169,296ae6fd1ff55a39b63dbbb3ea7a36a0,cama_mesa_banho,8150.0,40000.0,3,796
170,298f838b1798d952580d034bf84bd33a,moveis_decoracao,300.0,12000.0,1,646
171,29c131c43e662b738339aafcc0ba00fc,moveis_decoracao,600.0,4913.0,1,926
172,29ea1bc54f78267f6e85b9c99c93e12a,construcao_ferramentas_construcao,7100.0,6728.0,1,339
173,2a27bdf5d36c733df107a86e44370254,beleza_saude,425.0,3240.0,3,1976
174,2a763f02c6a7a8ab7c1be0460ff891d0,moveis_decoracao,2500.0,7875.0,1,575
175,2a9b9ab4785e67b8ff4f1e6fcba1de7e,utilidades_domesticas,1000.0,11571.0,2,919
176,2ac6c3f94b62b0d60ac5b907bdb42cd4,fashion_bolsas_e_acessorios,200.0,640.0,1,1410
177,2ae501b303a5a8e6f75c8c36f366b2d5,perfumaria,150.0,2464.0,1,138
178,2b1e141d70cf9e03eae19784eb427c24,informatica_acessorios,400.0,5040.0,1,761
179,2b250e4c796f4ce9da7ee0465bd1b574,musica,783.0,1920.0,2,656
180,2b27cb23faa03f71607fcdd1539387f3,malas_acessorios,1100.0,14210.0,7,857
181,2b5000342506556984dc8d0dcdbd4921,eletrodomesticos,150.0,5967.0,1,108
182,2be2be0a6a5916840503fdf50808ebcb,utilidades_domesticas,600.0,4104.0,1,270
183,2bfb0bdbcea77da2879f0ef3be9a219e,consoles_games,900.0,2772.0,5,439
184,2c71e9b9845634cb1ea6285a8f3cbf50,eletronicos,100.0,2048.0,2,381
185,2ca9132c1c90ff5060c3ff9047904e5a,esporte_lazer,2120.0,16250.0,1,877
186,2d6676e04aac85ce66dcf8d0529f4012,perfumaria,500.0,3600.0,1,458
187,2de11f4242720888f88ebe396a8332f7,moveis_escritorio,900.0,2550.0,2,869
188,2de8789bf8abcd2f6c7866f9429b1986,pet_shop,1900.0,45500.0,1,852
189,2e04efb6656990084af256e304d9a573,malas_acessorios,650.0,40000.0,6,1632
190,2e511b5741ab14e7f5294df6f1310b03,informatica_acessorios,188.0,4800.0,1,2515
191,2eb9b2ef7c1da3c7b99702452ea4729f,tablets_impressao_imagem,300.0,2028.0,3,547
192,2efbce46d36d9af306d4300db163b276,beleza_saude,270.0,3840.0,1,762
193,2f763ba79d9cd987b2034aac7ceffe06,eletronicos,595.0,288.0,2,1198
194,2fad6925ba23d76e45c9496828e62a79,utilidades_domesticas,650.0,3300.0,2,760
195,2fffbf105cbbc6e86144f00ecf571635,beleza_saude,150.0,4000.0,1,763
196,3014e35fd70fce29095ced5cdc89f4ce,telefonia,125.0,2380.0,1,244
197,302a19dacdbb5ed2f74f9dee8126ef79,bebes,300.0,2856.0,5,882
198,3099fd60323d4c647f2515690394bfb2,beleza_saude,217.0,2380.0,1,1109
199,30e77af9e7759bbaa0305d2fbc605dc4,fashion_calcados,2000.0,14208.0,2,402
200,31a3ac2bdbd4af5074e25c5e92ca71ab,casa_construcao,10100.0,54900.0,1,707
201,31d6f0a621ee145ae8c70304cf564483,relogios_presentes,200.0,352.0,2,691
202,31eb78f384a585823382f8963cdf5849,papelaria,1500.0,34800.0,4,223
203,32e12dbd1df2c2b6831ba26dc8325d1f,casa_construcao,1750.0,18000.0,1,247
204,32ee3f4e2493045726807808d7abbab6,cama_mesa_banho,1400.0,9234.0,2,381
205,32f186a3f6239888c37adf90db857098,alimentos_bebidas,1350.0,4896.0,1,1322
206,33202a8e7a645388c41ed714203d7131,alimentos,3350.0,8400.0,1,911
207,332f784cac57e18f1194e8156ad5bd9d,beleza_saude,2550.0,20000.0,1,1735
208,334479e94cba98064050db1c9636e244,automotivo,220.0,4284.0,1,311
209,334995514673fb6bae67885458b52984,utilidades_domesticas,250.0,15625.0,2,261
210,337be49673e511e2bd38d390cf57d7c4,relogios_presentes,400.0,3520.0,2,542
211,34607082301052079a3bffcd12c5ecfb,utilidades_domesticas,3150.0,15300.0,4,623
212,3488d2ce36e718097c1509444289ef7f,perfumaria,514.0,3240.0,1,1176
213,3512f777c335f8297b5ad43416b69cf8,cama_mesa_banho,350.0,2560.0,1,476
214,3519403062e217f433e0bbdc52e0b19f,consoles_games,200.0,512.0,1,211
215,35255921c732e0e9319097469d856cd5,relogios_presentes,400.0,2970.0,6,630
216,353f9040451759cc7153da959db1e531,cool_stuff,18600.0,106856.0,2,662
217,3569d4374a919941a50f57371b1dc93d,beleza_saude,2700.0,10416.0,1,1168
218,35c5e00f6a23366ce44aaedc05da015d,esporte_lazer,100.0,10000.0,1,194
219,35e26f65c3f380cfe6257d771fb067d2,esporte_lazer,867.0,7020.0,1,1134
220,361b81e3cae3b21bd0119793c5399717,artigos_de_festas,4500.0,14688.0,6,499
221,3647983375e701c3f089068b5fc0cf98,automotivo,4000.0,40625.0,1,1146
222,3651da23518f818b7da19d3ec6c69f5e,moveis_decoracao,150.0,1750.0,3,1405
223,36555a2f528d7b2a255c504191445d39,beleza_saude,1467.0,7360.0,1,1069
224,375478581c97832540b9209722a32058,bebes,17600.0,105300.0,1,566
225,37c4c3f162a9549087175b1391df2f02,beleza_saude,975.0,3420.0,1,530
226,37c8b2425c9c0455491b06ad8671c224,cool_stuff,198.0,2295.0,4,1255
227,37cc742be07708b53a98702e77a21a02,eletrodomesticos,400.0,5967.0,1,163
228,37d2e3656244fd840ebd0460360455cd,papelaria,700.0,13950.0,1,215
229,37dffde0476450e75dae423136954b0f,automotivo,250.0,8000.0,5,1023
230,385a33a408e9c35c9fbc2025c12f3784,informatica_acessorios,220.0,3432.0,1,967
231,386486367c1f9d4f587a8864ccb6902b,cama_mesa_banho,835.0,11880.0,1,120
232,38650206798cd31f659906705a0eff70,moveis_decoracao,1800.0,22050.0,1,275
233,3931aaf38ba4cc928100541ff51b82ff,informatica_acessorios,400.0,1024.0,3,554
234,3932e37f1f658768ac53fbe680f145bc,cama_mesa_banho,1100.0,12000.0,1,850
235,39d5f0edfbb6ee4d1c524dd620c0bc7a,ferramentas_jardim,425.0,2232.0,1,198
236,39e3b9b12cd0bf8ee681bbc1c130feb5,unknown,300.0,1232.0,,
237,39fab2af0c4e38ee29c6b8e05c81f93a,moveis_decoracao,250.0,1320.0,1,438
238,3a6a0247ced9dcb444b46caafdcdd368,beleza_saude,3600.0,8000.0,1,2497
239,3a78f64aac654298e4b9aff32fc21818,unknown,4300.0,14400.0,,
240,3a9705b35192e14929ed984f99ae4f65,esporte_lazer,2320.0,35343.0,3,936
241,3aa071139cb16b67ca9e5dea641aaa2f,artes,1000.0,10800.0,1,276
242,3abf2d4698bf245577543ea01d9c7f16,unknown,200.0,4312.0,,
243,3ac52f93c2299daa201fbb7ff36546f7,informatica_acessorios,150.0,1200.0,2,401
244,3ae4b63ae37e03994e257921c73d50b8,cama_mesa_banho,7683.0,88920.0,2,282
245,3b2d98c62a89221177c0f6213256816b,telefonia,150.0,704.0,2,316
246,3b82733180834cc02658403163260204,moveis_escritorio,16100.0,92232.0,2,1193
247,3bb7f144022e6732727d8d838a7b13b3,esporte_lazer,800.0,352.0,1,3021
248,3bcf64d8d26d6e06bd568d27fe31d8e8,cama_mesa_banho,1650.0,21000.0,1,198
249,3c2f792f1041177a81913a977431a99e,eletronicos,200.0,8000.0,1,549
250,3c883b9d3fd2d0ce448d4136349dc0a4,cama_mesa_banho,550.0,7935.0,1,153
251,3cb11cc74ce2cf42fd23d867c18a7745,brinquedos,2250.0,23100.0,6,701
252,3cef8174403f4fdedbf24fa67fa9f132,bebes,1800.0,15552.0,3,805
253,3d1e658dd7dc71b44b125bdd18236fb3,moveis_decoracao,350.0,7072.0,3,2028
254,3d4c249691c5ff13ec7946d4d7a1aaa0,telefonia,150.0,1200.0,2,160
255,3d649f0e12c7b5f9ec7e00f538cc13f3,beleza_saude,300.0,4608.0,1,1886
256,3da6f3c6c1ac8c36ff45b1a493a44e82,moveis_decoracao,3000.0,8349.0,2,1969
257,3e0f398b664b26e3224c79dbf435191f,esporte_lazer,400.0,704.0,4,900
258,3e12358032a6a599d25d9fd630cec2e1,utilidades_domesticas,975.0,7812.0,1,1301
259,3e9b58f1436820c248d3f98d7229bb14,relogios_presentes,250.0,1936.0,2,489
260,3ea344b27741300cc4724d2a5af94460,cama_mesa_banho,1500.0,18000.0,1,729
261,3eb0cd17f2bfe15716e113962806a5de,cama_mesa_banho,1000.0,5040.0,2,208
262,3f0f8de616df6efb39a48f3c64eea974,cama_mesa_banho,1300.0,7200.0,1,701
263,3f9714af5d7efa95476ebf732c9078c8,ferramentas_jardim,200.0,1500.0,2,120
264,3f9d819e1669be4865fdcd717968bb4e,informatica_acessorios,200.0,352.0,2,1036
265,3fc23ad64a8ee1f1451c8c44932c5d22,construcao_ferramentas_ferramentas,450.0,440.0,1,338
266,3fc3d637781e5d185455013606a6e2cd,eletronicos,250.0,4800.0,1,1274
267,3fcd8dfe610c62edfb51de2630cd9ef4,bebes,5700.0,34153.0,4,509
268,4079a95ae53890e5c268117864020aa8,cama_mesa_banho,2350.0,8547.0,1,298
269,407eeaa1c0dcd776f6c2ad41db4c62e5,telefonia,304.0,3344.0,2,1613
270,40a75445dcf4958b8c9b3dac6898094b,esporte_lazer,400.0,8704.0,1,1318
271,41ae9f1ae64408cbe2b980a3227f04b3,papelaria,1000.0,5400.0,2,1349
272,41d3672d4792049fa1779bb35283ed13,instrumentos_musicais,200.0,2090.0,1,745
273,42f14eda412436b96cde4f4025ed5f25,esporte_lazer,500.0,352.0,3,154
274,42fe4aefc7e8a45dd96a59af81dd3fef,automotivo,1300.0,8000.0,1,162
275,43267ceb81c34b7d49decd624671ccfa,ferramentas_jardim,509.0,2873.0,1,2155
276,43724b27731595d954e911f443fb1cc4,construcao_ferramentas_construcao,2200.0,352.0,1,272
277,43b6d9e46e1e6b8ac743a1c31e462937,ferramentas_jardim,7700.0,27300.0,1,680
278,4462167dca28740ae5078b9dce00f199,automotivo,1200.0,1596.0,2,520
279,446295cf6f689d4db477145815362608,papelaria,1400.0,26048.0,1,209
280,446e83f3f31931e9eda31363bde07293,moveis_sala,5600.0,6000.0,1,595
281,4473f3e5c65952b074ef987fa5c24662,telefonia,350.0,816.0,6,776
282,44d958961868395bfe852e70d48081f4,brinquedos,200.0,1760.0,1,254
283,44dc6124432da8482da2977dbfa88f59,beleza_saude,150.0,2288.0,2,1343
284,44e8945e17aef03daaecbc4bbab7f730,unknown,200.0,352.0,,
285,454157d7294823cc44ad21d4fe31474a,esporte_lazer,200.0,1936.0,5,1241
286,457953cd3ce26e8f7c9037bfb9e19b14,moveis_decoracao,1050.0,10500.0,2,296
287,457c5f8a59156ce6315753d8d788a16a,relogios_presentes,200.0,352.0,4,460
288,45852eb1811c96c22787d9a3cb3875dc,cama_mesa_banho,1100.0,11025.0,2,393
289,45af837344fa95e1fb3a840e9ffd8bf4,esporte_lazer,550.0,16875.0,1,515
290,464383c22e65860826cf78650fe0f4e4,consoles_games,200.0,4096.0,5,781
291,46a44fef61c4835cb2cc8f39f0ce0752,utilidades_domesticas,250.0,2160.0,2,261
292,46b48281eb6d663ced748f324108c733,unknown,18500.0,50430.0,,
293,46fd22a153db867285b826a2c62b446b,utilidades_domesticas,10900.0,79875.0,3,803
294,4723ab93377036eb7e0c15dfca8c8ce6,telefonia,200.0,684.0,3,561
295,4732ecf5e4abee8f7ff4d1b8df0f7af5,automotivo,1100.0,13320.0,3,1571
296,477e9dd0ec1da08376e3e29bf434add9,construcao_ferramentas_construcao,1250.0,6000.0,6,711
297,47859fca9dd7485cbd93c3e8993bb74f,cama_mesa_banho,650.0,2560.0,1,206
298,47969dd948e918289f809be899ddfb4c,papelaria,258.0,4332.0,1,501
299,47de5f36ace720b578ca1b30d0b45b8d,informatica_acessorios,900.0,7098.0,1,192
300,4803f125e17a7b5fc363202349fbf14f,utilidades_domesticas,8400.0,43400.0,7,871
301,483df9288035696f34225a7047591d13,informatica_acessorios,550.0,7514.0,1,2457
302,484bf1dff778a416389aafd0dee1cb11,brinquedos,350.0,3024.0,1,852
303,48aaba1523759485364bcd94f4d4c4f5,esporte_lazer,1300.0,10560.0,4,1162
304,49c8221f68acec04f84cc22c58be6c5a,pet_shop,700.0,12960.0,4,947
305,49feeab25d6531f4bbd4e9e7c926cf36,fashion_bolsas_e_acessorios,200.0,352.0,1,731
306,4a0c2a56e65c941a0bb9874c47dd66d8,cama_mesa_banho,1400.0,15600.0,6,2375
307,4a37bc772078a013df64fd661ae5ee6c,beleza_saude,750.0,4096.0,1,677
308,4a96de21ccfb22ebe1c56992acbbd7fc,climatizacao,1300.0,9000.0,5,655
309,4a9947ec1fcec2b3321193ed5590e8cb,relogios_presentes,300.0,640.0,3,576
310,4b232d5c1ec0ae0d9cc9529b97d75984,instrumentos_musicais,200.0,3840.0,3,349
311,4b54c1f607b7a55ec9a34555b5607539,automotivo,4700.0,20539.0,6,703
312,4bae12e58c9b828e1302a2cad437b80a,consoles_games,450.0,2023.0,3,358
313,4c303e0fd131aa3fe487c108b5aa8c06,artigos_de_festas,1300.0,8470.0,1,134
314,4c35791f944cf1550e8ae288b3f9e258,informatica_acessorios,424.0,4750.0,3,514
315,4c505e52bedf9651c08793647c925e65,cama_mesa_banho,350.0,2560.0,1,744
316,4c6018f41a6c2e5543cc034e94f5ce5b,ferramentas_jardim,16500.0,26000.0,1,2395
317,4c7d111494b1116a2bec5e2d940e3439,consoles_games,300.0,759.0,4,319
318,4c8056caed5757810b9a68b83c3759e6,malas_acessorios,450.0,24000.0,2,1291
319,4cbccd77b25ad10677a460380987eaf3,moveis_escritorio,13600.0,94192.0,1,2115
320,4ceab0364ce2bef8363b89f4719bbff7,cama_mesa_banho,2100.0,57240.0,1,296
321,4d777d8c652076edf63299034cc4c599,cama_mesa_banho,950.0,7410.0,3,166
322,4da06dee0a480b5d666886ea00b4d9b3,cama_mesa_banho,250.0,2208.0,1,228
323,4df4e2fa82369cf0ba8bb28833d44848,moveis_decoracao,650.0,5700.0,4,199
324,4e04ffb7dd3739ecfc37de8927dd586c,papelaria,500.0,2688.0,1,144
325,4e7f36f28c51e114a343625b628dd429,cool_stuff,400.0,5376.0,1,727
326,4e80e5fbd1f7a5e67501d0e1573abf98,relogios_presentes,300.0,3211.0,1,393
327,4e9e7d1bed5934971a6ac480a0f5069f,pet_shop,1500.0,54000.0,2,503
328,4ed86bcb86407328452ac1c5b3b89d67,bebes,500.0,8400.0,2,255
329,4fe53f6c123977ffa0dda91a2962c9e8,moveis_decoracao,300.0,10800.0,1,1442
330,5027a29c73fb3aa5e93eae6867c9a2e7,papelaria,550.0,704.0,2,500
331,50556c630443502c11acde1c320fe278,beleza_saude,250.0,640.0,1,257
332,50571d0f0f8ffbeec1c64cefeec01135,fashion_bolsas_e_acessorios,350.0,18576.0,5,526
333,505bdfe93e66810bd2dfd42bcc61976b,informatica_acessorios,588.0,5100.0,5,1503
334,518ef5de2c2b3a255e326a4594ba15d9,cama_mesa_banho,800.0,4608.0,2,329
335,51fed4afb1b41d00ad9d25a73b7fbbc7,consoles_games,250.0,2205.0,3,303
336,5218cced384ab9377c69874bd7c703f3,esporte_lazer,400.0,5780.0,2,1368
337,52198ab6a720304fd80cac19c691a049,beleza_saude,150.0,12800.0,2,3569
338,52a646aa308987e28c375b41081de428,sinalizacao_e_seguranca,325.0,4913.0,1,512
339,532d7f19b8005e415f5b98a1cf4a8690,utilidades_domesticas,400.0,2240.0,1,172
340,5370b82a213393979691c98074265584,bebes,7950.0,43560.0,9,708
341,53b36df67ebb7c41585e8d54d6772e08,relogios_presentes,584.0,2288.0,3,523
342,53f92b0474f91fcb5bd188c6a8075c38,utilidades_domesticas,30000.0,197676.0,3,2952
343,5445335704bf8a32827f3bf6b9701ed9,esporte_lazer,200.0,8000.0,1,468
344,54910b8287ecea5f93a008ebfa94a15c,cama_mesa_banho,4850.0,18750.0,1,242
345,54a03278272d6b4da99f843fb8120754,esporte_lazer,600.0,15750.0,4,920
346,54af11c815f92135fb554bd9c97dd418,cama_mesa_banho,950.0,7250.0,1,520
347,55103cbbe0851d3a303a022cc4140628,malas_acessorios,2900.0,66000.0,5,1064
348,55610b8b7d48294e69fc23f513dfbe98,moveis_decoracao,400.0,5120.0,3,1068
349,5563f6b699b362e1bd6a2e1e650f52bd,livros_tecnicos,2050.0,3045.0,1,1265
350,556702ebb73d3786a852ad3d5a8ad268,construcao_ferramentas_construcao,4800.0,5000.0,1,339
351,557484a8965bdc4e548658239f7663fd,ferramentas_jardim,4000.0,15120.0,6,1493
352,55ec10b39713ee81ee2c5bcb558cf866,fashion_bolsas_e_acessorios,300.0,352.0,1,1398
353,56139431d72cd51f19eb9f7dae4d1617,unknown,200.0,8000.0,,
354,5657897eec3381c5a9aaf19be83f16e2,cool_stuff,500.0,8075.0,2,377
355,56e04ad5959e2c30a6754d9cc1f098f2,portateis_casa_forno_e_cafe,225.0,5184.0,1,490
356,575c38b4c88fc7b35ef22fc8312bfe1b,cool_stuff,1200.0,17600.0,3,992
357,5773723f7819ffb88c5c758f8f8c183c,perfumaria,700.0,8000.0,2,909
358,57b46ac6f5503699255bab6cdde8222f,cama_mesa_banho,3000.0,48125.0,1,184
359,582dfc3697c5f834a5ddf28460ba9222,fashion_bolsas_e_acessorios,300.0,6250.0,1,251
360,58493ca240e8c701678576a04c2d6336,eletronicos,200.0,2058.0,1,537
361,5877301b00f95e3c6118738b293dfab3,eletrodomesticos,1500.0,19760.0,1,273
362,588e30c9b715a9158d6431ae94c25fea,fashion_underwear_e_moda_praia,200.0,27000.0,3,549
363,58bef3ad35aed45b92cf03510e6cf5ce,esporte_lazer,1300.0,30752.0,1,3830
364,590d6cb76092faa04d717fe406c66f88,esporte_lazer,2653.0,28620.0,1,254
365,593236d0ff46b4299b4787fb8d43f7f0,industria_comercio_e_negocios,7225.0,41200.0,2,1396
366,596363933adf57df745ecbc8afeec226,esporte_lazer,698.0,6440.0,1,853
367,59911136c59b2dd04ddce80d592b55f3,esporte_lazer,100.0,1056.0,1,447
368,599e5320aef0c7dd9e3fed9b2f673d41,informatica_acessorios,700.0,8000.0,2,1224
369,59f8cb217c16b9d838ab8f6d92fd2eea,automotivo,250.0,5130.0,2,1313
370,5a42f73d92034010a4e00360fb0df099,esporte_lazer,3775.0,3744.0,1,144
371,5a719c85a2cad2da6076ea511aa4023f,informatica_acessorios,225.0,4913.0,1,1873
372,5ad04927f75f1ec98ff4458470452b01,malas_acessorios,2240.0,10640.0,1,1047
373,5ade9eaa68986ae388b9d6ba2aa185e8,moveis_decoracao,5250.0,32670.0,4,956
374,5b4341a1e617e4d33c3305158ff03c69,esporte_lazer,150.0,1764.0,1,1581
375,5b488b474a4f2519b7826390b1873a58,utilidades_domesticas,4100.0,49011.0,4,1206
376,5b706747080dcd34b3ebd803c25ccd65,relogios_presentes,340.0,7943.0,4,654
377,5b76cbb9c422e9f3920a1a75a88f0cf0,casa_conforto,200.0,6750.0,1,102
378,5c17022eddee34a164a87606a586dd8b,moveis_decoracao,450.0,13475.0,1,400
379,5c3f833c3941c6353fd0cc51686a1101,informatica_acessorios,7000.0,32604.0,1,1785
380,5cab8d5ca731b3de4c23b8b13b04e594,brinquedos,250.0,3600.0,2,122
381,5cfe07a11fd4f35d3c5ca21cd60cee6e,fashion_calcados,750.0,8712.0,4,404
382,5d2754abdc85429bc7a4c37d52fbea43,fashion_bolsas_e_acessorios,200.0,352.0,1,770
383,5e21d5cab5d33e770d8150a4ee6117db,relogios_presentes,200.0,352.0,4,312
384,5e459bd31247ee46fa95b09556600a6a,fashion_calcados,300.0,3248.0,12,284
385,5e6248437b2668bba62c0fdd71eaf72d,ferramentas_jardim,1075.0,35836.0,3,567
386,5eaa343860dc445b3fd43d1b682809fd,esporte_lazer,4800.0,27000.0,5,3218
387,5ec9cc4e1217d387b9fedfa362b7bc24,automotivo,3750.0,19950.0,1,1310
388,5f4bceafafc1903556735cb7f2842e78,unknown,200.0,352.0,,
389,5f504b3a1c75b73d6151be81eb05bdc9,cool_stuff,15350.0,88360.0,3,1176
390,5fb61f482620cb672f5e586bb132eae9,unknown,300.0,2940.0,,
391,603751cec205d947f27ef1ab32b7fb26,cool_stuff,700.0,8000.0,3,683
392,606bfa78f6209099f25529bb1211522f,moveis_decoracao,4000.0,16224.0,2,241
393,60bb4500843105345ef9541e59a7a87a,cama_mesa_banho,1200.0,14800.0,1,871
394,60cf4effb6947283fa638d570bd07318,bebes,4500.0,156800.0,4,410
395,60e68dc2013929af2b3b5408e2da87fd,brinquedos,550.0,7040.0,5,397
396,613d093272cb8f74f25a01e430155a6a,agro_industria_e_comercio,1050.0,60762.0,1,326
397,614d9b959168fce3e0cbd0645acbb666,moveis_decoracao,400.0,7168.0,2,80
398,61a53738adc5c0e8d243553320f9ba1c,esporte_lazer,8809.0,45968.0,1,1104
399,61aa436324fa31453598a454e10b2cb7,esporte_lazer,900.0,7452.0,1,800
400,62224b433a431310bf27129938ad9f64,esporte_lazer,700.0,15876.0,6,733
401,622d3b263cd40b06e1eeea144fb83f19,bebes,250.0,1092.0,1,200
402,629beb8e7317703dcc5f35b5463fd20e,unknown,1400.0,15625.0,,
403,63f52009dc3ddb733394e80183aed0f0,moveis_decoracao,700.0,6615.0,3,1047
404,63f7cd79973145c9e6bb11c5fd03e82e,fashion_bolsas_e_acessorios,150.0,1584.0,2,372
405,644ede1cd3a7b877de774c66fd4abc78,esporte_lazer,1100.0,5760.0,2,682
406,64c8f1a52b407d92518a1f8b79240a70,telefonia,100.0,1188.0,1,319
407,64cb768ce668c3df58334a28d528b754,brinquedos,875.0,29900.0,1,517
408,64df6c5d4c7440a043e13fa796eb4ac4,papelaria,400.0,2205.0,7,466
409,654feb81aa65850b1962980f21be1525,beleza_saude,700.0,3080.0,1,309
410,657491063e8a63247a108a4d9cedf020,brinquedos,3050.0,16000.0,1,274
411,65a6462e42e05ab3b8dc613566736825,malas_acessorios,1100.0,13104.0,4,540
412,65ded196f8f1dbea9916be9b6fcfa0b7,construcao_ferramentas_ferramentas,1250.0,7480.0,1,289
413,661d83b6b4988942aa9b449b57e12f81,brinquedos,1400.0,28800.0,1,48
414,665839d5bdf604c2909beca037c57144,brinquedos,420.0,7392.0,1,265
415,6668e2c5a29f47a016858f28a3673e4a,cama_mesa_banho,3950.0,15246.0,2,627
416,66b5f91356d928ae807ab4ee547f5e3e,pet_shop,500.0,8000.0,6,115
417,66f01f544ba693e1a1a7428caec79279,moveis_decoracao,3300.0,2128.0,6,757
418,67085b88a68c08cfe73132310f0574f3,moveis_decoracao,800.0,11200.0,11,209
419,671446e8e3aa3df1eca47b6c354a2921,unknown,5500.0,23958.0,,
420,675dbd52c3dadeafa9a8c96ea5a9bfc6,bebes,2300.0,20520.0,1,801
421,67bea89008edcb996cfe4e3d062b62a8,utilidades_domesticas,1200.0,8096.0,1,414
422,67ff96903c597ba4b1d7f668734bc3a4,construcao_ferramentas_jardim,65.0,3468.0,1,376
423,680874c570dad71c0a2844cfbf417054,moveis_decoracao,600.0,15625.0,1,502
424,680ca98a72aa9722523fa2006f858f77,fashion_bolsas_e_acessorios,300.0,17160.0,3,248
425,68bfdbfe84f03af17733b10362f10020,moveis_decoracao,600.0,8004.0,4,244
426,68db47d312d0b87e469762f0481d3b9c,ferramentas_jardim,16900.0,101080.0,4,681
427,693567e68c0e3d72dc3ae88159aeed6c,moveis_decoracao,303.0,5488.0,1,315
428,6a23ae3187f1dac41b7210a8c7739d6b,moveis_decoracao,750.0,14000.0,1,832
429,6a2fb4dd53d2cdb88e0432f1284a004c,perfumaria,400.0,2700.0,2,346
430,6a61a5d77a8571a0646e8c0f75f572f4,beleza_saude,360.0,12540.0,6,1368
431,6a944207f516a3e570fb1205489438bf,brinquedos,300.0,2800.0,1,784
432,6acf371d62b424190897033ef93947bb,telefonia,300.0,1232.0,5,1052
433,6af5a2183cea4408f4292dd86be5f667,brinquedos,400.0,6000.0,1,457
434,6b017e0d95d8765a6f2bed3bc272c61e,fashion_underwear_e_moda_praia,250.0,2880.0,1,422
435,6b1b29dd58c0342e04f9063e070bd6ac,cool_stuff,2250.0,53040.0,1,894
436,6b5af19067eeadc0f331687a79ca656b,papelaria,600.0,1056.0,1,621
437,6b75ce117b8fcc75289cb6cbe589de6c,telefonia_fixa,455.0,17496.0,1,1217
438,6b7879a37ac2dbe5289a16706e859870,unknown,950.0,16200.0,,
439,6b82874c6b51b92913dcdb364eaaae0f,unknown,21450.0,119000.0,,
440,6ba4f83d1c821bb17fe0a917881258d4,utilidades_domesticas,13600.0,62400.0,1,1123
441,6bb81626d06fafb4d7eab61ac9ed70c6,beleza_saude,266.0,2880.0,2,167
442,6c3fc3c928cf7d57418923ffea326d9a,cool_stuff,800.0,15750.0,3,733
443,6c90c0f6c2d89eb816b9e205b9d6a36a,informatica_acessorios,775.0,9828.0,1,260
444,6d14f72afff32795290f2df6507f063c,malas_acessorios,2300.0,23520.0,3,413
445,6dbcbca84288705e65660c9b4f369134,brinquedos,6084.0,64736.0,1,1604
446,6ddc95e87149457c4c5177b0a474a9ba,moveis_decoracao,150.0,1750.0,3,1405
447,6e9c52b407fea24064f7ab2b144fbf8c,bebes,13575.0,253044.0,7,1395
448,6f0169f259bb0ff432bfff7d829b9946,casa_construcao,1050.0,5120.0,6,918
449,6fef6d87bb6c2eb11d57a967209219a8,ferramentas_jardim,250.0,561.0,1,200
450,701ff123e9085dcc9c2f833efded6374,cool_stuff,10664.0,134505.0,5,268
451,709839bfd3ba2c923015e0a5de970a7d,beleza_saude,250.0,2448.0,1,1883
452,70c325280f670aee445babb3400cf804,moveis_decoracao,250.0,4375.0,1,535
453,70cc46ccdfff951dd7829395bce256ca,ferramentas_jardim,700.0,6000.0,1,1318
454,70d1bd3a042448105a71d0b41ecbc96b,consoles_games,100.0,528.0,1,235
455,712a72a78ffb66cb6eee87eebbf54519,esporte_lazer,400.0,42570.0,3,1049
456,7130a7cfbe3bb2f11f6524e0cec6eafe,pet_shop,300.0,4096.0,1,140
457,71685103d269d757074595a20bb82211,telefonia,100.0,816.0,6,776
458,7193329f650facb78de86a2e0b771e2f,beleza_saude,850.0,2520.0,1,1668
459,71c808620fa8dafbe6cd6c638cc67567,esporte_lazer,200.0,2600.0,4,568
460,7207700449f2433076d70a5b1c004eb4,consoles_games,706.0,9728.0,1,421
461,722fb67c17907e21734449c091420bf5,utilidades_domesticas,1700.0,14784.0,1,290
462,723f62c36c298037716bf60c0ad0df3a,relogios_presentes,250.0,352.0,4,276
463,72bb19eb8886399d5a46785146792ba7,utilidades_domesticas,250.0,1600.0,2,889
464,732bd381ad09e530fe0a5f457d81becb,cool_stuff,18350.0,73920.0,4,1272
465,73b499a2f5002c0a2158a478cc5a096c,utilidades_domesticas,1800.0,21600.0,2,2148
466,73c15f15e628e4ec389e0ed1cec48b15,cool_stuff,12400.0,61250.0,5,3033
467,73deb4d29b1361deb8e78b75478f210e,esporte_lazer,750.0,6600.0,3,1596
468,74291f20821eae2aacb949b41622ef52,perfumaria,600.0,12000.0,1,155
469,743faa1bbabdf4abcbd2443fcc33fca9,utilidades_domesticas,950.0,21870.0,2,687
470,7486c1fa8968fae4af4c32882f72dbe6,informatica_acessorios,150.0,896.0,3,160
471,74c94099baac38d7d352195da981626a,beleza_saude,700.0,7040.0,1,642
472,74f250adf8f41738ca96718232a41499,moveis_decoracao,300.0,9600.0,1,646
473,750cf819d127191920eda79a4b6fb479,eletronicos,263.0,3456.0,1,806
474,75747bce1abad71ec9edfb9ca6dd509c,livros_tecnicos,450.0,986.0,1,492
475,75b433ca888fe027b18dfac89a284667,eletronicos,1350.0,10296.0,1,374
476,75b4372e69a42f8ae1d908c076f547b2,beleza_saude,938.0,14674.0,1,1313
477,75f3ef6a5cb0f2d5aeef15925f0ccf69,consoles_games,530.0,7776.0,4,429
478,7683fe3e73bd7af6d0f6a6ed497cb04a,construcao_ferramentas_iluminacao,1450.0,9000.0,4,527
479,769cc5a32d4e6c7710013f35a73d45e9,esporte_lazer,1100.0,4800.0,4,211
480,76df076d70248fa44de6ed8c31a1a9b5,papelaria,1000.0,6864.0,1,219
481,76fffd0056ad48fbddac939c05e05cff,relogios_presentes,200.0,640.0,1,182
482,7715f7da32957a84ad267799121a90e2,perfumaria,350.0,1936.0,1,773
483,77c0d362526797bf132aaf564b1e436d,ferramentas_jardim,1400.0,12000.0,3,616
484,77e54bccbb383f52f76910f34d4cda43,beleza_saude,100.0,352.0,1,1032
485,78119fbfa709d07b86f5ccf15043c6d6,cool_stuff,586.0,2574.0,2,447
486,78bd107dbc2f94f453c1bac8d2b4ede1,utilidades_domesticas,2600.0,26896.0,1,718
487,794de06c32a626a5692ff50e4985d36f,unknown,300.0,2016.0,,
488,795ed173180b101b114960e572d2181f,malas_acessorios,700.0,13950.0,1,215
489,7a33d7a1a85cb7db38bacbcc212a6013,beleza_saude,175.0,2964.0,2,483
490,7a8dac4aaa16bc642e4df33adcf03303,cool_stuff,11750.0,56880.0,2,1701
491,7aeaa8f3e592e380c420e8910a717255,eletrodomesticos,5500.0,26825.0,10,1642
492,7aeb83cae61b0e94e6426cba2598ad9e,utilidades_domesticas,1270.0,4046.0,2,471
493,7af3e2da474486a3519b0cba9dea8ad9,unknown,200.0,4312.0,,
494,7bb6f29c2be57716194f96496660c7c2,moveis_decoracao,600.0,9724.0,2,2083
495,7c1043bb5837db0c6bc1953419a18628,papelaria,800.0,2310.0,7,495
496,7ce49c8945602088c4c4ca3e0ceb8244,unknown,1400.0,3675.0,,
497,7db409a594f815ca2267b5383d139ee7,utilidades_domesticas,1550.0,16100.0,1,314
498,7e34dea6bf1b26c294d48bfc3fa41d9e,fashion_underwear_e_moda_praia,400.0,880.0,11,3140
499,7e437c1d65a7baab7e7ca6c9f4e98b84,beleza_saude,2150.0,9856.0,1,1571
500,7f34b85142d1ef9e077a0da9ada27385,moveis_decoracao,2300.0,22050.0,3,1750
501,7f383ce1a13d3d90e3d6074557ee8deb,telefonia,200.0,3536.0,4,819
502,7f6308ba4057a6a740af7b4dcfb79c13,telefonia,200.0,1045.0,9,1930
503,7f6f8bdeee8ab42b5b4873b754f22a15,papelaria,200.0,2352.0,2,312
504,7fdbc1ecf5fdf5c98d9b14e110133eb3,esporte_lazer,213.0,2080.0,1,649
505,7ffd59e4a33610e863f39cd3040ae7b1,automotivo,350.0,22440.0,4,557
506,8058b0067728a211c68874081e7352d4,esporte_lazer,1000.0,5600.0,1,1720
507,80a96c144008b8446632f872d3b1a3ed,utilidades_domesticas,1025.0,14375.0,1,193
508,80fc21f90a43fdcfc623f11f5457db10,relogios_presentes,267.0,2244.0,2,457
509,828fe032935d7c1901682e5b6cc076c2,perfumaria,600.0,8000.0,2,1063
510,8375cac77900898b899b33ef7b966bb0,cama_mesa_banho,1200.0,3872.0,1,2618
511,83b9bc6aae6f527ff6aafb9e01d6cbf3,brinquedos,2550.0,26752.0,3,866
512,83ef44e104d09603c783f1cc00cff82a,relogios_presentes,500.0,1936.0,1,591
513,84a77e7e0bd4806ffd493e8a8c37737d,papelaria,3600.0,4320.0,10,145
514,84db874a1a2d895b0eece26cc9bb3dd3,cool_stuff,1250.0,13824.0,2,418
515,84e1b9c6ba2ed178bd217097b41f1251,moveis_cozinha_area_de_servico_jantar_e_jardim,10893.0,127776.0,1,859
516,85d187257cdbf2692d10649a11c7e78b,malas_acessorios,2000.0,11340.0,1,414
517,85f17a3ccc10ef41645833b7074f3d63,papelaria,800.0,7250.0,4,148
518,860dd3635c61aba2d7ddea90b7d471b2,beleza_saude,452.0,3960.0,2,1083
519,8650c4bacaf0a2cd9ce38bd72004c276,beleza_saude,400.0,5832.0,2,951
520,8729e9bc4b7f0422448d80ed35ae329d,beleza_saude,1650.0,15000.0,1,1918
521,8792f8b694229e5627aa6a15cf912052,utilidades_domesticas,1150.0,7942.0,1,204
522,87aa68bb4f8c5d53b7a6a496ce10d86c,pet_shop,1500.0,49500.0,1,703
523,87fb220044e9aca16fbec51c6c997aa0,relogios_presentes,250.0,4800.0,2,438
524,88316766399e9545cb650c3ab70208a0,fashion_bolsas_e_acessorios,100.0,612.0,1,361
525,88cd1536cced07ce8b7eb699521f841e,cama_mesa_banho,900.0,2560.0,1,514
526,88d1ed18fd38fa0ffeeb4b517ca42a9d,utilidades_domesticas,470.0,10143.0,1,132
527,88d2c501ec765f5d7e8038fa6aab0e62,beleza_saude,10700.0,64000.0,1,863
528,89005f5c60b53829a9a617fe5e292221,automotivo,700.0,24000.0,6,622
529,893c4e4b07dcb5a590645ddeb8894cb5,moveis_cozinha_area_de_servico_jantar_e_jardim,16900.0,48000.0,1,137
530,89904bec271974d069685a6568091c8a,beleza_saude,200.0,3072.0,2,684
531,89f46d1e213867388c2fac6078f5c06d,fashion_roupa_feminina,500.0,352.0,2,754
532,8a2d3285de64b2117fbf83784acd09fc,automotivo,250.0,6480.0,1,1250
533,8a4667ce8c036b0d54dd65a38298bfc0,malas_acessorios,950.0,15180.0,1,224
534,8aebbc3445bef4a356ae41d226a7b5da,utilidades_domesticas,22050.0,132000.0,1,1129
535,8b3a9476f74f5297f7ff0ec6d95fe1ea,moveis_decoracao,2050.0,26117.0,2,254
536,8b41fbc2b984a12030090112324d1bc4,bebes,500.0,3380.0,1,1627
537,8b6a57fbcf171e0a44f97af7af858939,informatica_acessorios,617.0,4046.0,2,389
538,8ba4f2a4ae695d26e5626c1bf710975e,utilidades_domesticas,900.0,12500.0,1,968
539,8bb6ace4cf2411747ea1cfecad5a458d,bebes,6000.0,56250.0,2,224
540,8bc6752b88d4909a129ee0abfd76875b,pet_shop,300.0,704.0,1,746
541,8bf5b1e066d9fb2a639f8f69d55a370d,automotivo,575.0,3000.0,1,1440
542,8bfd18c7b7358231b2a3f9ae98eed105,ferramentas_jardim,850.0,5616.0,6,365
543,8c92109888e8cdf9d66dc7e463025574,brinquedos,600.0,2040.0,1,1156
544,8c9faf6aabee9b2a30b83f92d786f6de,livros_interesse_geral,1000.0,2040.0,3,2913
545,8ce6ed44410ccff5e5437f5d1ec012e4,beleza_saude,500.0,6720.0,4,886
546,8cf7e354e6d9f04a09f4d59bc77dcc8e,construcao_ferramentas_jardim,9500.0,47040.0,1,749
547,8d51190d4e52d32e6abf3d0551501114,telefonia,200.0,836.0,1,212
548,8d6cb00151d423c52855385c89f0bae8,automotivo,27100.0,125000.0,1,386
549,8da90b37f0fb171b4877c124f965b1f6,perfumaria,377.0,3510.0,3,733
550,8de2d2a80d4900fc699d4f52fbe8c43a,utilidades_domesticas,500.0,5632.0,2,868
551,8e71b24c3e25a92fef6176120a67fac7,informatica_acessorios,783.0,7644.0,1,585
552,8eed5d27f5b8c6248731efb4782f6141,automotivo,2800.0,352.0,1,1510
553,8efa775719397f78f79c8e5c7b0afbd4,moveis_decoracao,1000.0,9720.0,1,275
554,8f4735c09292c695473969af57466365,fashion_bolsas_e_acessorios,200.0,352.0,1,83
555,8f9dc141063eb39ea09a9df984895c50,automotivo,1475.0,25088.0,4,764
556,8fec581a22f1e87d7e0f0a0da4626a82,utilidades_domesticas,600.0,5202.0,1,395
557,9020ce7adcc384b2899ae87ddc54767b,papelaria,300.0,2415.0,2,198
558,9138555a5066b7f16bf15e75c7db067c,construcao_ferramentas_iluminacao,540.0,6912.0,6,919
559,913dfadde395f6049127173cfbb96121,informatica_acessorios,200.0,2378.0,2,718
560,914a1be6110e7ce3289dbf55ec0d9704,cool_stuff,2050.0,15750.0,1,989
561,9181a16945ef449aa81212d5139945ec,bebes,6950.0,46750.0,3,1261
562,919f371545037a68a1585ef9f0b9494a,climatizacao,10050.0,59976.0,1,1427
563,91ad72a5e0313d764d9603f18f2c3658,telefonia,253.0,3600.0,1,486
564,91e6a181c1ebe734ab459822cee89763,relogios_presentes,850.0,19200.0,3,528
565,926ecae86335e45fea05e1e39e9a5be9,utilidades_domesticas,9500.0,56700.0,2,339
566,9291234bfd76d396f56b5175d435dd84,moveis_decoracao,200.0,3240.0,1,274
567,92bf5d2084dfbcb57d9db7838bac5cd0,telefonia,100.0,627.0,2,427
568,9339df4b551cc289617ed742b9af7925,telefonia,200.0,836.0,1,409
569,93719014f156d3fa9e0511cd0ab96315,cool_stuff,1150.0,7000.0,7,443
570,93c285dad77a797cf2193ead6afbe107,utilidades_domesticas,1800.0,3500.0,1,524
571,94080f9219044d897195e2be145945dc,automotivo,921.0,2448.0,6,1543
572,94e25ee525bdcdce608d423d902a0372,alimentos_bebidas,2950.0,6358.0,3,457
573,95578be74a242e7a0eae084908bbb5f8,moveis_escritorio,14900.0,94192.0,1,2088
574,955821b9200f75f399d091f381821044,eletrodomesticos,150.0,3900.0,1,82
575,95b6e8160fbea38f306a26e66a6465a3,automotivo,4500.0,34810.0,1,555
576,95e18e6f72e096de84ad972456780aa0,beleza_saude,325.0,3250.0,1,166
577,95f2828625576b34ab861ef4b029a7fd,fashion_roupa_masculina,950.0,8400.0,2,939
578,96341c5bd303e04bee20bcd01431dfaf,artigos_de_festas,200.0,1056.0,1,430
579,96bcd2d5266412b1a43593fe5b904536,ferramentas_jardim,2700.0,12000.0,1,394
580,96bd76ec8810374ed1b65e291975717f,esporte_lazer,154.0,2430.0,1,250
581,96f6baf4d6a2f7c90932573600903489,casa_conforto,700.0,3888.0,1,503
582,97250c682244b5b6618aec504ceb9656,utilidades_domesticas,150.0,2560.0,1,783
583,9746ab6f7694c5e2fc9fe14befbb5c18,beleza_saude,350.0,3840.0,1,820
584,97593959fc8ee0c67ac6c5a33fe61f4b,relogios_presentes,450.0,2112.0,4,943
585,98190f6a2c3253d07ca86525bb238162,eletronicos,1836.0,8784.0,1,813
586,984a3b9f9bb4c8feb319da951212696e,cool_stuff,50.0,60000.0,1,740
587,98600823ba81f3ba76386dac7c31ee06,beleza_saude,125.0,5760.0,3,1115
588,9892435c317b92530812ef9fe68cffc6,fashion_bolsas_e_acessorios,200.0,352.0,1,731
589,98bf9f3941be6afbca9ea37f8eb0c466,pet_shop,1400.0,7040.0,6,287
590,98d0e0ca6213edc063889593a2475e36,automotivo,13825.0,120050.0,1,978
591,995e25d9b46dee183004994645768d95,esporte_lazer,500.0,4800.0,4,722
592,99a5e7a2c16478ff3f0ea9c20eb2820f,automotivo,550.0,6048.0,3,1658
593,99b4596b82b6f75d453160c9c75e01f4,artigos_de_festas,1550.0,7038.0,1,378
594,99d1f27bf9ea0392ab69d0203c6efdc4,perfumaria,150.0,3840.0,1,1772
595,9a3d13559997d2639ebd02e75913b799,beleza_saude,233.0,4032.0,1,495
596,9a5a361f3cd6c280f6bf4ffb6207c51e,papelaria,200.0,2415.0,2,552
597,9aa70106d14b83c7ad033592870b2b30,utilidades_domesticas,530.0,6800.0,3,388
598,9af87df86e72ade39565a7b20d8cecd3,beleza_saude,625.0,3360.0,1,774
599,9b191ab94826390cd135c837fb7bc881,cama_mesa_banho,2700.0,18000.0,1,729
600,9b393d3360316521a943267765a47fbf,beleza_saude,300.0,3332.0,1,572
601,9b76503b35ee45adf532e291d5c7de0d,cama_mesa_banho,2200.0,39375.0,1,115
602,9cafef108028ea326352e901a8b729a7,cama_mesa_banho,1750.0,36000.0,2,609
603,9ce90721c582bede1c152150a883b801,brinquedos,300.0,8000.0,1,240
604,9d0a2db5144d569d5ce5375bb0f4de36,cama_mesa_banho,75.0,3468.0,1,347
605,9d358fd2a77935cffa32834b50cfb21e,cool_stuff,1200.0,15750.0,1,953
606,9dbf7eb5228b2070008a2e331b114512,informatica_acessorios,250.0,2520.0,1,1101
607,9dc1a7de274444849c219cff195d0b71,utilidades_domesticas,625.0,4420.0,4,402
608,9e3fb85220e7c0d45fab9a93288ec717,automotivo,200.0,2106.0,1,1304
609,9e48435521202c8795e21ac42efcc761,informatica_acessorios,600.0,2070.0,1,432
610,9e87e3ee09baee5f5c0513ff37bc60ab,cama_mesa_banho,1550.0,11352.0,2,381
611,9ead3847aad283a0842bde7ad9a9e7b3,informatica_acessorios,1300.0,7680.0,1,1173
612,9f22d89800e8f59f79d50aa9d732f5e2,beleza_saude,888.0,5508.0,1,355
613,9fa0c72476690fbc66bcacc498fe7fd6,informatica_acessorios,100.0,2772.0,2,1122
614,9ff668529410eefd5bca723acb4834c1,moveis_decoracao,1800.0,3600.0,1,439
615,a0253d43394dd4da9a5d7b1f546f1a32,informatica_acessorios,740.0,3887.0,2,1890
616,a04cf12934a318be6550b1aeab938bf2,fashion_calcados,4000.0,28728.0,5,605
617,a0736b92e52f6cead290e30b578413b6,moveis_decoracao,1700.0,10500.0,2,296
618,a0abcee0132a5aed003d98e459b37698,cama_mesa_banho,2700.0,20475.0,1,223
619,a0ff95d002b9e836b60b47e97a200f93,casa_construcao,3100.0,29792.0,2,426
620,a1766f2d27b4e90a0d78d8e115295399,perfumaria,450.0,5632.0,2,942
621,a18a23a783fb7576a8f0f6fbc2ae2b58,beleza_saude,175.0,6336.0,1,822
622,a1b3a75aaaee5c9a683f2266c088f720,relogios_presentes,350.0,1936.0,2,599
623,a1b71017a84f92fd8da4aeefba108a24,informatica_acessorios,900.0,12000.0,1,636
624,a1bf559ac1eab015ba992bd76d9d76c7,informatica_acessorios,200.0,2340.0,2,1074
625,a1d17216996bf0cbba886f91bfd31c77,telefonia,103.0,1764.0,1,1015
626,a1e9b0d76a76ff474f4a4374fcfb8c42,esporte_lazer,1800.0,6048.0,1,663
627,a1fcd4b731530eed7fa5531f3f0c2fe0,cama_mesa_banho,2100.0,6960.0,1,231
628,a22f707cfd269773138c3bf3a43f6180,moveis_decoracao,7000.0,15625.0,3,253
629,a24b0a4730a6f5b13a3502fb5065a814,moveis_decoracao,400.0,24000.0,1,314
630,a2b35668d3b4c6f34b35c9f702ecc5b9,fashion_bolsas_e_acessorios,100.0,1280.0,1,831
631,a2bd2eae20998a24c22b110334928b02,malas_acessorios,700.0,31920.0,1,278
632,a2e2851eae0aebb8ee4df32348b42e2b,informatica_acessorios,367.0,704.0,3,504
633,a2f4e28e50f60566eeb99f842ffc0fd9,instrumentos_musicais,5850.0,37800.0,1,374
634,a314a62cff3e5725f545fa263aed7a7b,cama_mesa_banho,300.0,4800.0,1,120
635,a388f2043ca885de714453e4fac616e2,telefonia,100.0,528.0,1,744
636,a3a03c131926ec14d4c9f3ef03016b24,pet_shop,700.0,16000.0,1,463
637,a3c95dc653d9a279b160bc0179385ed1,cama_mesa_banho,1750.0,16200.0,1,1146
638,a41e356c76fab66334f36de622ecbd3a,unknown,650.0,2856.0,,
639,a453b4ccccf554efba31d5ada5a59a60,telefonia,300.0,816.0,6,818
640,a4944a8b60acfe399f15f45892bc5639,informatica_acessorios,667.0,10260.0,1,260
641,a5170485f5eec8e991a69da0231fd5c5,utilidades_domesticas,1100.0,11550.0,1,379
642,a530b23a71594d0d986a30359e207762,moveis_decoracao,1400.0,9360.0,2,600
643,a53e969a04fa632529307e0e04d4c68a,informatica_acessorios,100.0,1408.0,2,90
644,a56af7192032f295ac582a2d70e4caba,telefonia,600.0,8280.0,2,1887
645,a5bc1334f1762ce0a844f3f694dc08e1,cama_mesa_banho,1200.0,2560.0,1,645
646,a77e6c93242ae050800cb3e5b98c2fcd,bebes,8300.0,50625.0,2,348
647,a7b42937ab954b0e03bcf6cc35209940,esporte_lazer,250.0,2560.0,2,813
648,a7f2b139c27a47d32a6ab4529c65c134,relogios_presentes,200.0,352.0,3,168
649,a853bf1a5f8d9f04f5df123168164720,livros_importados,1300.0,4698.0,7,1071
650,a85543a371d5cfafedb80a8177a692b5,utilidades_domesticas,750.0,11424.0,2,470
651,a878ce3514b37e8bfeac8f881438b775,cama_mesa_banho,1250.0,7106.0,1,678
652,a8bb7885faf316d9a5062d42d2b2fba4,esporte_lazer,875.0,20800.0,1,844
653,a928a2cfd4d897610150b956e89a4e56,cama_mesa_banho,1550.0,7424.0,1,774
654,a93ad122024312ca432da7f7b32474b4,cama_mesa_banho,1588.0,25344.0,1,267
655,a963ea4d494221de09b70f1b4a70edbd,informatica_acessorios,150.0,3080.0,1,240
656,a98ce95e720b49857fedbcfbdf21e8de,utilidades_domesticas,1400.0,30625.0,1,716
657,aba0932cedf32b2a7b6b832f11769613,beleza_saude,2000.0,5760.0,1,556
658,ac01b71ddb644fe8806e71a6030accf9,moveis_decoracao,800.0,5376.0,2,250
659,ac1290e4432c1f2662b71ac47da47691,telefonia,125.0,627.0,2,533
660,ac4005f3f9d2fba6bb8feb0ee1dc1395,utilidades_domesticas,2150.0,5964.0,1,167
661,ac5bae85a895724330c4acddd581b02b,telefonia,500.0,2640.0,2,1254
662,acd427ee119d5c71c7a85ae488cb0a6a,fashion_bolsas_e_acessorios,200.0,352.0,7,68
663,ace5d86cf1ac63cdb76f49e5cd23d2f8,moveis_decoracao,600.0,2400.0,1,473
664,acfc0fd945c522a0d2266d45bcdd91c6,pet_shop,625.0,5712.0,2,1545
665,ad0e74d7a7848008daa87492dff8db9f,automotivo,500.0,6048.0,3,1631
666,ad19bca6e0f1919433d7e21d534ddb50,livros_interesse_geral,900.0,7200.0,1,1109
667,ad67f74682943e3857eebf3ca2538d1a,cama_mesa_banho,1800.0,12546.0,2,261
668,adf591c625cb265c12bc6749d3a2f757,beleza_saude,150.0,15840.0,6,1146
669,ae48f03d1836c1021bf0babdf8b63dbb,utilidades_domesticas,800.0,3200.0,1,290
670,ae4a8a8e8a8f8850c720e68c182b1625,eletronicos,24050.0,144000.0,4,300
671,ae6476ef6cf588ccb0bd009b62359b97,beleza_saude,1300.0,10080.0,2,950
672,ae728f68e1fe806253238e93f2bfc324,esporte_lazer,415.0,6859.0,1,1156
673,aea89e156fe6705b458e900a8790af90,esporte_lazer,1150.0,2304.0,1,179
674,aea9f47e0e6dea45f3ad01ce4528f1bf,esporte_lazer,2000.0,24000.0,2,375
675,aeb4a18fc6dad1f6cb6474d69f634ad2,cama_mesa_banho,6400.0,27000.0,1,617
676,aedb7e30007f6051c5b3f97156b0848a,artes,150.0,950.0,1,195
677,aeeb6146e21d11416d01b0e03c2de06e,utilidades_domesticas,500.0,4940.0,2,580
678,af16005fca813272caf59c432153949e,moveis_decoracao,800.0,8480.0,2,1186
679,af5dce27d2097e3cbfeb25ad9eac092c,cool_stuff,1650.0,27588.0,1,330
680,af76a54b712e9cab85d2824e96c56ff8,automotivo,200.0,816.0,3,505
681,af8215adef2df1e9e66642f159e81e55,relogios_presentes,400.0,4180.0,1,585
682,afa6d9a2f3ba0d5b06ccd5eb4bd2e29a,esporte_lazer,750.0,13754.0,1,675
683,afb0d399cb1dec68de437eec41c94fad,telefonia,100.0,1512.0,6,733
684,afce90df29b9a0c1bfe5e1033f1197b1,telefonia,75.0,627.0,4,356
685,aff4c4ee166f76b66595e0bcfb983d5b,consoles_games,700.0,6000.0,1,472
686,b0cd550945da1de6eb9cb69595d540df,esporte_lazer,900.0,4096.0,1,1392
687,b1060f179d7f706565e347fbe00bf1b8,beleza_saude,328.0,5040.0,1,1046
688,b15b38f8a24ce6254dfa5bc5a06f18c5,automotivo,1600.0,3825.0,4,214
689,b166907a5770631b7deedd0891b1b7ab,utilidades_domesticas,1100.0,11000.0,1,1094
690,b1eae565a61935e0011ee7682fef9dc9,perfumaria,267.0,3757.0,2,460
691,b1fa0cf0885504d458c2a48e376ea087,moveis_decoracao,1200.0,9360.0,2,603
692,b2083bcfc8768380dd0e31d612e96d08,cama_mesa_banho,1100.0,2560.0,2,628
693,b23cfa104a0f297458ecebea590a33d5,telefonia,100.0,627.0,2,660
694,b29ca3d3127057c43ef4b364bbe360ea,beleza_saude,1150.0,10000.0,1,1029
695,b2b3503e675abbc07e278151da072ed2,moveis_decoracao,8500.0,103125.0,1,287
696,b2cadfc2d6da74fba3a372470641ba61,utilidades_domesticas,400.0,1728.0,1,201
697,b3bcd6f54c943fecf8f51e0b988e5cc9,beleza_saude,683.0,7936.0,1,1969
698,b3f29e4bbae3c829f7c4231074c307ee,utilidades_domesticas,14850.0,124950.0,3,998
699,b415213dee0b8051901b7ebe5a6b99f4,fashion_bolsas_e_acessorios,415.0,7866.0,1,1081
700,b4a595a550a377a81bf10d27821fab6d,utilidades_domesticas,5250.0,18375.0,5,235
701,b4c8d3313b98fd124a787b571ac94148,utilidades_domesticas,200.0,36000.0,1,102
702,b5075db67f027daed66cc97a6626a7b8,cama_mesa_banho,4200.0,12920.0,1,663
703,b521fddf2c8a7e7d1791bfb3c1b2f278,esporte_lazer,1000.0,8000.0,1,448
704,b52e7c92200ed9874e77bc09b5ed4d40,la_cuisine,7600.0,45375.0,1,232
705,b5cfb1d3c5e435a7a52227e08f220ee7,cool_stuff,1300.0,13824.0,2,410
706,b5d214651360e2d58e13b48ae69c6199,bebes,10400.0,62100.0,6,1654
707,b61d1388a17e3f547d2bc218df02335b,unknown,350.0,1056.0,,
708,b6665355b9d865e088250a5c8d7b36c1,brinquedos,300.0,14800.0,1,246
709,b687f7d54b34a215172bf55f9584584a,ferramentas_jardim,900.0,6000.0,1,374
710,b6b4ab44d1f3c2a645abbda76af2a993,relogios_presentes,1050.0,14850.0,1,364
711,b6be875acca0b4862cae6479c5d9e6fa,ferramentas_jardim,200.0,528.0,1,192
712,b6f3b8136ba8302906df7e11ff908751,pet_shop,1350.0,4830.0,1,617
713,b72e63f4630dcaded1689b28efa4c583,brinquedos,1000.0,11700.0,5,1272
714,b73e7ccdd22c0bb891a93ec7d80b717f,esporte_lazer,461.0,2520.0,5,233
715,b7f70c625521ad94f77e9aa1218fd9fa,pet_shop,2900.0,81672.0,1,1614
716,b7ffd29379437fd3b580dd2deb8e50c4,cama_mesa_banho,1350.0,6050.0,2,497
717,b864b103180d5a6a3f830e67f93e8735,bebes,600.0,8470.0,4,980
718,b8dac5113b06a97e64943234522572b9,automotivo,6000.0,10962.0,2,1062
719,b8fd372c103037c02e9898f76ba0ab4c,cool_stuff,130.0,87500.0,3,240
720,b9055c6417cea84a8198fec56ff6148f,construcao_ferramentas_iluminacao,2350.0,27000.0,1,291
721,b97114b2893e68400ae867459b491bcd,cama_mesa_banho,360.0,5616.0,1,331
722,b98546b83abd474d9517e36a1eddbc22,esporte_lazer,1100.0,6048.0,3,617
723,b9adb2d8377c195da59e75743dbb7133,unknown,200.0,352.0,,
724,b9fc59d07b4a88505e53e11d17097cef,esporte_lazer,2000.0,3360.0,1,1042
725,ba17dd83b93da33a4483ba301644f40a,relogios_presentes,250.0,352.0,6,394
726,ba3fea9ec13fb882dda6c9e4295d9130,relogios_presentes,667.0,6120.0,3,266
727,bad25f9c179bd093af5ce28af7fd40f5,informatica_acessorios,900.0,4620.0,1,218
728,bad5bc36e62c12c840045474c6dbe021,utilidades_domesticas,900.0,24276.0,1,663
729,bae8ac5e125a98fe445bc17714104709,malas_acessorios,10700.0,64000.0,3,455
730,baf76b06184501269d8e44228cc940ac,automotivo,100.0,1280.0,2,332
731,bb09cce52b336261572a5a7e25a33795,utilidades_domesticas,550.0,4800.0,1,943
732,bb31a27a0b24236c8ce7e0c6264c51ec,telefonia,100.0,627.0,12,276
733,bb8248b78690e295b4978f78009e4b94,telefonia,150.0,2058.0,3,367
734,bb9aa579b534cb9d96b38fcac94759b6,eletronicos,750.0,2940.0,5,1702
735,bbaef2eadf31fe3ea6702077398be06c,perfumaria,400.0,2178.0,2,1003
736,bbf920aa6ac72007a726e6f419156f8f,moveis_decoracao,1300.0,10000.0,2,303
737,bc4a074ab7a7ff14e98fa64671a79dc0,beleza_saude,1450.0,10000.0,1,1000
738,bc7496ccc90a64c022a56021c65c9cda,utilidades_domesticas,150.0,6656.0,1,238
739,bc86251d831265a9937ccfccecd6c224,automotivo,1500.0,20196.0,5,867
740,bcac2cdcd851929a5caa3e1508d5abc9,utilidades_domesticas,800.0,6552.0,1,928
741,bcad5b050c241af2fdc24c51556b297c,ferramentas_jardim,11450.0,34615.0,3,1177
742,bcb815bba008d89458e428078c0b9211,unknown,150.0,352.0,,
743,bcb8826a092a057aedd93bb71d67c24d,beleza_saude,500.0,11520.0,1,340
744,bcd58b852a3b0152b6b384c4e4474ba2,cool_stuff,1400.0,10000.0,2,797
745,bdb0b11a36aed4d0d862a7037c838560,telefonia,383.0,2496.0,3,742
746,bdf5efab9b8b85e6a49603007646f763,livros_tecnicos,213.0,588.0,1,2021
747,be19e1611a6015a66266d199ff3ccce0,consoles_games,150.0,928.0,1,456
748,be1be330cf34043d1c40d6114cbd11b5,relogios_presentes,317.0,3952.0,1,484
749,bfae0d55eef43da69474aadac456cbe4,esporte_lazer,300.0,8000.0,1,1494
750,bfc1d1c62b1f7f401d8d9dda962bb870,esporte_lazer,950.0,13500.0,2,255
751,bfd9a39f1774d4ca8773f1f42f09d187,bebes,750.0,10000.0,5,849
752,c01cc7b6054e22d68972a35df1e0c249,automotivo,8500.0,6786.0,1,1636
753,c04b8195870068ff5c495f269a0bc993,livros_tecnicos,1100.0,1827.0,1,1162
754,c12b64bf0861a27e0f06c36ef82f457d,esporte_lazer,150.0,1056.0,1,425
755,c18c01e09509a509e2b88d3ed40c580e,bebes,2150.0,15750.0,1,1039
756,c190c4fe582c5b7ffff586506de83f01,moveis_decoracao,250.0,5096.0,1,160
757,c1b555c58d48d228480072f1492cc14f,cama_mesa_banho,550.0,29785.0,1,331
758,c20e9c8a7361bfa0d6530ab73075921b,beleza_saude,1600.0,8000.0,1,1216
759,c20fbbd4ccf2f7da70e150689a6a905f,perfumaria,455.0,5355.0,1,723
760,c23381297fa734ea441a15d723199fb5,informatica_acessorios,200.0,8000.0,4,789
761,c2367eda4f9623d0355dc5d7796d857a,cama_mesa_banho,6450.0,11000.0,1,607
762,c244b71b9f393724eaf2792a96427931,moveis_decoracao,400.0,2312.0,1,589
763,c24f692e0f20f854c24c31517610ba7c,telefonia,200.0,864.0,6,1057
764,c293414ca6dacfb6085739783def4ef6,brinquedos,2450.0,3703.0,4,706
765,c2aedc6c0521b9c1fd928f2b2375d5d6,telefonia_fixa,400.0,6600.0,3,1252
766,c2c4115f38ec8f43e1052cf0735e289b,moveis_decoracao,2300.0,12000.0,1,202
767,c2c951d6f458fe552a49dcd590bdb4a6,cama_mesa_banho,1200.0,3150.0,1,661
768,c2df3d01bc5d236c85400b0d432bf97b,consoles_games,110.0,476.0,1,728
769,c33d78b97260227119fb2b71be168fca,cama_mesa_banho,650.0,5940.0,1,170
770,c354569eefd558bf201d0aedf35608ed,cama_mesa_banho,700.0,9800.0,1,166
771,c3b7e4d83e530c27a8e6368296aece48,moveis_decoracao,850.0,8349.0,2,1972
772,c4344f6de69a96da8febce3f885171f0,consoles_games,150.0,2299.0,1,310
773,c45a1de8cdb00af9ba1f3c097561b77a,cama_mesa_banho,1000.0,7500.0,2,315
774,c478b1bbf9ec8c5691f37ccb83187386,informatica_acessorios,300.0,3600.0,2,163
775,c4df35b0ef8a1996cd7118d81c1632ad,bebidas,4300.0,2640.0,1,744
776,c51dc74a8b5018e82e9e44ef4b647227,perfumaria,650.0,1760.0,1,418
777,c571bd52d56c393e52b38a593da5950f,cama_mesa_banho,550.0,2560.0,1,223
778,c5c66926b3f964b8cf9e7dfb1150d13e,esporte_lazer,200.0,2457.0,1,128
779,c5d8079278e912d7e3b6beb48ecb56e8,beleza_saude,1300.0,9044.0,1,330
780,c5fb7fbe39f4e09e048ffbc5b28db49a,sinalizacao_e_seguranca,450.0,1280.0,1,1212
781,c615805546392ec3b8a20c6590c4d400,pet_shop,2000.0,17340.0,6,261
782,c6336fa91fbd87c359e44f5dca5a90ed,esporte_lazer,150.0,2816.0,1,772
783,c68b419d9c6038271b85bac98adb0fc9,unknown,1000.0,6720.0,,
784,c7147724cd430269c6296fc758c0a086,utilidades_domesticas,300.0,2640.0,1,42
785,c72a1a8c3bbe15206d1880cedc7bd791,informatica_acessorios,4750.0,11880.0,5,1238
786,c752f2bc46ad4b389290cf5828a1db62,beleza_saude,650.0,4550.0,1,654
787,c76ce8f19e21cfc8226f0551ed5da750,cool_stuff,1800.0,15750.0,1,940
788,c78b767da00efb70c1bcccab87c28cd5,informatica_acessorios,300.0,2520.0,2,1101
789,c7b17e51e4a7c527e89a7d5cf6f2415a,construcao_ferramentas_construcao,4200.0,12000.0,1,1133
790,c8149a123a4dccdd873b3de1e7867bba,cool_stuff,250.0,2112.0,1,425
791,c828d9e817355cc55ab8a449b2299f25,consoles_games,317.0,2240.0,2,691
792,c83bfa25f218562a2db2cb8abce10e1e,telefonia_fixa,100.0,4096.0,2,150
793,c8a0fe4fb537a7864e6aca0477a6da9c,cama_mesa_banho,2000.0,30576.0,1,305
794,c8aa3a6754ab1ad362858eca26f58c8b,cama_mesa_banho,10900.0,23625.0,2,409
795,c9cfa62f6407e7bad1a59a8ad7255d4e,telefonia,200.0,5632.0,2,214
796,c9fe02894880831f6f28d5ac212d036f,construcao_ferramentas_seguranca,314.0,6840.0,3,1006
797,ca078ba5884f07fd8e2ec7f7b13556f1,moveis_cozinha_area_de_servico_jantar_e_jardim,4400.0,26973.0,1,356
798,ca17b18b38db6e0d2c33d362322f2a06,livros_tecnicos,1900.0,5400.0,1,2228
799,ca26080d8f0fa848c329fe732f5e34e8,unknown,1800.0,15625.0,,
800,ca4a58d8a97a4e1c5822292d4cfcb4b6,fashion_bolsas_e_acessorios,100.0,612.0,1,385
801,cb57afec681197430ddab41d90304aba,esporte_lazer,400.0,2200.0,1,416
802,cbaff83e2c00a2b731d27276bbf52082,artes,7900.0,73500.0,6,1431
803,cc3181a81384b6fc34602d49cb6068a6,eletrodomesticos_2,18450.0,59976.0,1,94
804,cc68bcd2a2720e95aef8b6cb71f62ed9,esporte_lazer,154.0,2210.0,1,660
805,cc95f2435cc780a6992154d6a29ff226,utilidades_domesticas,3100.0,17472.0,1,616
806,ccf965dc2dedc243ce245610ffcc1e6b,moveis_decoracao,250.0,8000.0,2,106
807,cd7701670288642f7be9437dec9034c1,perfumaria,400.0,4800.0,2,606
808,ce130b350f529a1d6288f927da7404ea,cama_mesa_banho,1450.0,6750.0,1,171
809,ce5b91848b91118daffb3af53b747475,esporte_lazer,1388.0,9486.0,4,699
810,ce87eb0f80420c505b53adef21bf93d6,livros_tecnicos,500.0,736.0,1,612
811,ce8a29973a1fed3f8d22ea5514d9ea07,eletronicos,200.0,8000.0,2,505
812,ce94e3c41145e28428cdae952a1fd7f2,relogios_presentes,335.0,2244.0,2,899
813,cedc0a95516e84ab083db0319e55003f,automotivo,7350.0,87768.0,4,1590
814,ceeba7d5636e59173cc5f484e913db3d,unknown,30000.0,274625.0,,
815,cef67bcfe19066a932b7673e239eb23d,bebes,371.0,2704.0,1,261
816,cf55509ea8edaaac1d28fdb16e48fc22,instrumentos_musicais,250.0,2023.0,3,1827
817,cffa43acc63e8225bb6889f3c3bd74e3,beleza_saude,217.0,3315.0,1,991
818,d0389f20b3d11de54e1e4561df147683,casa_construcao,10000.0,37500.0,1,1441
819,d03bd02af9fff4b98f1c972315e5e9ef,moveis_decoracao,1800.0,12000.0,1,209
820,d0877f0094337c414d23f5a3c7bad20c,moveis_escritorio,30000.0,75000.0,2,489
821,d0c59b22539b0b391e5834a1dae7caa8,brinquedos,350.0,7106.0,2,272
822,d0f5d2822e06a19526cb384022af2a9a,moveis_decoracao,2200.0,5984.0,1,743
823,d10abea506594de1dd5ea21851f94062,beleza_saude,700.0,4096.0,1,876
824,d19d6968c8fa843da04bf9c9d23c312f,automotivo,400.0,1232.0,4,1373
825,d1fbb5683c8e93f314d0f2bf40d07761,cama_mesa_banho,1500.0,11700.0,2,155
826,d24659126d5bbd0b1bacba3e8d17a978,esporte_lazer,250.0,1920.0,3,513
827,d2806dfb8e3474bcba8b5bcd771ff12c,brinquedos,790.0,20832.0,2,789
828,d294bd539d8c70342149beb38b767afc,relogios_presentes,650.0,1716.0,1,295
829,d2fac83bdc41acb845baf953df64155a,cama_mesa_banho,450.0,23625.0,4,509
830,d31bf2a9527a3b785e229da07cbb86af,utilidades_domesticas,250.0,5152.0,2,299
831,d389bacae4eb98af95b782dae3b7f03a,relogios_presentes,600.0,2850.0,2,589
832,d394d30215872be4cda2c67c1ce5b981,esporte_lazer,250.0,8000.0,5,621
833,d3f4f3de0f4576184674937d1e9cecca,brinquedos,450.0,18600.0,4,122
834,d400b62525c30cb8ec0786613bb0d93f,eletroportateis,650.0,2560.0,1,613
835,d458378a178cd7cae60052319cebf235,papelaria,200.0,2352.0,2,198
836,d48782d1a53a65a84d63efd6aabd4f03,construcao_ferramentas_construcao,8817.0,48504.0,2,409
837,d4de08feff9533e02efa79613935336e,cama_mesa_banho,1250.0,7106.0,1,681
838,d6637aee74ba05e42bc17a047c335209,beleza_saude,250.0,2464.0,1,1181
839,d68bd4dedccc5545b1ff6629de8fb021,informatica_acessorios,1950.0,2244.0,4,813
840,d6d759f5b4285a0cc72404efa8c19632,esporte_lazer,1550.0,42000.0,2,267
841,d801448d8cf48fd15a66dc8779d47241,relogios_presentes,267.0,2431.0,1,687
842,d806210810eb8942d0ea5b17967bb1c4,cool_stuff,1635.0,11730.0,1,988
843,d8160f4d642dacdcdb00f26b434a6033,pet_shop,4050.0,47700.0,4,244
844,d82bca823d7ea924fb38e011970205dd,moveis_decoracao,600.0,7865.0,2,1720
845,d88cd106d68ac93feccee719004d247d,informatica_acessorios,250.0,3600.0,3,153
846,d899300bb0834fde956e80ce7ca0c958,relogios_presentes,350.0,3211.0,2,635
847,d8a405c732027a2af3187b031890933d,automotivo,200.0,3640.0,1,361
848,d8dee61c2034d6d075997acef1870e9b,unknown,300.0,2240.0,,
849,da37b504ecf6099b4f8af452ebdab0cc,bebes,8200.0,49000.0,2,1285
850,da86f2cc2faf840b7b86390726b88905,perfumaria,200.0,726.0,2,107
851,db46052aed7dff59ba38cf2fe29b87f9,cama_mesa_banho,6350.0,23625.0,4,509
852,db7e6804f1a8206a7e51c9a741a09d9e,brinquedos,300.0,6336.0,2,410
853,dbb00dd9b017066946537423958bd4ea,beleza_saude,1000.0,2496.0,1,546
854,dbb399a8be7395d5b136d49fcdce13df,informatica_acessorios,200.0,2691.0,1,764
855,dbbda25f6b7c74669cf2203b2e3139a0,beleza_saude,300.0,4455.0,3,1935
856,dc21247da0290904ffbbcd5953c76f95,papelaria,100.0,1280.0,1,92
857,dc582e9ac5036846acfeeb3093b17aa7,perfumaria,1300.0,4312.0,1,749
858,dccef777bc505f2eca720502c209988d,eletrodomesticos,150.0,1872.0,1,173
859,dcfe76be1e1036cb99e5d8bdc2a1b1c9,esporte_lazer,300.0,3000.0,1,3694
860,dd1b2eb34840957a13204dd3dbc588bd,cool_stuff,175.0,15000.0,1,673
861,dd28e3f8ffd0e519d30839eb27ccfae3,informatica_acessorios,239.0,3456.0,3,956
862,dd2ca29c9d0f93d3b1d28d7d7ee3025c,moveis_sala,7750.0,27225.0,2,356
863,dd768d259ee6054e0dadd66c8e2be0b6,cama_mesa_banho,350.0,2560.0,2,700
864,dd783a33bc94bef9c728611320d559e7,beleza_saude,150.0,2112.0,1,1113
865,dd7a209a646c04c176d7e9e9c855eeac,esporte_lazer,750.0,24472.0,3,546
866,dd7c7650c31d56afe11234bfd0a1e1ea,moveis_decoracao,3000.0,8349.0,2,1969
867,ddddff18d8f990347156c317421df46d,malas_acessorios,1000.0,11900.0,1,114
868,de7d3a484ee73d0be8b0b3518f910201,esporte_lazer,300.0,24000.0,2,1100
869,de907886b218bfa2e0097c1fdff81785,eletronicos,100.0,968.0,2,443
870,de984954e2e130136bcf8988bc973d90,instrumentos_musicais,1000.0,11088.0,1,234
871,debefa981200019b8c4a45d0176125a6,cama_mesa_banho,2200.0,16632.0,1,702
872,df1ff6c9a263464ba1ea7cd3de5e8633,utilidades_domesticas,800.0,3255.0,1,202
873,df3975eccff1508fbdf8874d3b4edadc,livros_tecnicos,500.0,1800.0,1,1909
874,df473738565b52f77b4e22b328b41576,construcao_ferramentas_ferramentas,400.0,352.0,1,369
875,dfa872802d781798321a10f1ddadea82,construcao_ferramentas_seguranca,200.0,2023.0,3,1720
876,dfb6e01f3415c48d80b21a9c1dd97697,construcao_ferramentas_construcao,150.0,4056.0,1,274
877,dfc767a34d7f9f8ee72a3e9b5ed55f89,informatica_acessorios,400.0,2204.0,2,1095
878,e000ecbb2e86143e74b3b2c3cf15f21e,brinquedos,1150.0,27000.0,4,196
879,e05646078b508ff048d63d3af7775ca1,eletroportateis,1300.0,6400.0,1,613
880,e07f6e9343cad06f34d0a7a09eeac4d7,beleza_saude,667.0,4352.0,1,537
881,e0bbe6292471ff5ab3752414baf78111,relogios_presentes,500.0,1936.0,2,572
882,e10758160da97891c2fdcbc35f0f031d,unknown,2200.0,352.0,,
883,e117ca2a90cfd40b93450b0b60f834e4,cama_mesa_banho,1800.0,15300.0,1,487
884,e13cf83849f5e6cf2b946de4ca48bf2c,pet_shop,500.0,7500.0,1,651
885,e19c8e70d39de9646d64163a66051797,fashion_roupa_masculina,800.0,2800.0,2,713
886,e1bb819e98ca4d6153c28872921f171e,automotivo,450.0,4500.0,6,1108
887,e1d1d22e9f8122a4ec1533b032c12562,ferramentas_jardim,2150.0,19040.0,9,1163
888,e24f73b7631ee3fbb2ab700a9acaa258,fashion_bolsas_e_acessorios,2250.0,6600.0,6,1118
889,e29f2f8197f332ab172ad9ea6566853d,informatica_acessorios,133.0,2880.0,1,445
890,e2c3ed9aaddfd2312a6a5fe9b3ddadd3,brinquedos,675.0,11088.0,1,579
891,e337509290028e0c81c0ac93d7b1234e,automotivo,18000.0,20000.0,8,2145
892,e3ace35fe59021565fa9989acfdf8f3a,moveis_decoracao,1000.0,21875.0,2,196
893,e3e020af31d4d89d2602272b315c3f6e,beleza_saude,75.0,1911.0,3,1987
894,e4003447524c275bcd706d07068b3f3d,telefonia,75.0,627.0,1,287
895,e4c0d69bafff0157f574aae9a147a8c1,moveis_decoracao,300.0,8750.0,1,607
896,e4f7023069a24c2297617d935f783a5c,informatica_acessorios,1000.0,8000.0,2,294
897,e586ebb6022265ae1eea38f46ffe3ead,beleza_saude,1050.0,10206.0,3,1469
898,e5d51a994a31fdaf8d7ec087d31a9576,beleza_saude,600.0,2808.0,1,610
899,e5d860a0fff2e94bd1a406456cc6c4b3,eletrodomesticos_2,13200.0,84018.0,2,2030
900,e619ceb6b2a4196772ddaa5c6e0368a7,moveis_decoracao,400.0,9600.0,1,646
901,e63e00cfcd91a5b34c13e2134671e842,moveis_escritorio,5850.0,39600.0,1,1071
902,e6a1ff3552ba3305c1cf0a4dde50347f,automotivo,5250.0,20539.0,6,703
903,e6af694343b45b56304ad91974a110b9,utilidades_domesticas,3900.0,5700.0,1,352
904,e6d528652daa9f45b90b855c0596bfbf,casa_conforto,450.0,23625.0,2,200
905,e71ba6dc5ef4b3bada7ee8d17304d31e,consoles_games,1850.0,7448.0,4,3354
906,e73a764ace9b74b912bea28a731f60e0,moveis_cozinha_area_de_servico_jantar_e_jardim,1150.0,6480.0,4,354
907,e791e580a2421e4471aebb0629c705c1,informatica_acessorios,200.0,896.0,4,991
908,e792f2bb275bdea9b6076c2acbb5abcd,perfumaria,850.0,2464.0,1,1090
909,e7cad5e8ed9b92e788262ad710c33bd0,esporte_lazer,150.0,880.0,4,663
910,e7ef7e0bc312196681f8304cf7ddd92e,automotivo,6700.0,38500.0,3,269
911,e8221ea20065e9f3bd2efda98b807cd3,fashion_bolsas_e_acessorios,150.0,1920.0,3,366
912,e834949329e7a91948b7c8a01f508b6d,papelaria,100.0,1280.0,1,59
913,e83ded7d97b96d338c4e72bb1ff7676c,ferramentas_jardim,1900.0,15884.0,1,497
914,e84fb20fe338824c220166d3cd562cbd,beleza_saude,150.0,990.0,1,802
915,e869d449cc32881790ef9af9b4c670f8,moveis_escritorio,15700.0,94192.0,1,2220
916,e8e86cbab028363545a5bf0ca5e226ee,moveis_sala,6050.0,25300.0,2,312
917,e8f22df5fa5b454907286aa61d6216a8,fashion_calcados,1500.0,8712.0,2,404
918,e8f625d123fb9e3cdf3e99bda7db0db1,esporte_lazer,250.0,3300.0,1,664
919,e8fd6f481db77b847e7ab93fa1510e7e,eletroportateis,2700.0,16640.0,4,794
920,e91f30f35875789d4b7d14610aa88c15,cama_mesa_banho,500.0,2560.0,1,208
921,e96bac5656eaec25f3d76757fa16d9d3,casa_construcao,1050.0,5120.0,6,918
922,e9896cd67d67e394cc2d3b0ecfd11eb2,malas_acessorios,17150.0,96768.0,3,488
923,e9f4a2b16f44a27e454037659cceb20f,automotivo,200.0,6656.0,2,84
924,ea697d5bbca113fdf96cf66f7aa135c8,beleza_saude,650.0,7040.0,1,668
925,eae50b5c9a18c296b7fa904cf04406a5,moveis_decoracao,300.0,8750.0,1,477
926,eb31436580a610f202c859463d8c7415,construcao_ferramentas_seguranca,200.0,2023.0,4,1602
927,eb6913790ee61d3d4d8dffcbbedea827,pet_shop,102.0,1560.0,2,1268
928,ebf6a0215aa3523486a430e93f6d56ec,cama_mesa_banho,1150.0,4800.0,2,687
929,ec019a7e1feb42072e2a07b6317c7edb,brinquedos,10550.0,20475.0,1,135
930,eca26be90d3b3454dd69a13a05bdb46e,fashion_bolsas_e_acessorios,200.0,352.0,3,119
931,eca3036ef7ba11b3331c334b7053fe13,telefonia,117.0,912.0,1,443
932,ecaae002060173ec59f5b168cbd55d70,automotivo,825.0,7200.0,1,1741
933,ecac3b74dce5ab6c6a7b9eda9216cfcc,beleza_saude,200.0,4096.0,3,379
934,eced39e6c33db4b865ea46d12dde67d8,brinquedos,650.0,5250.0,3,3492
935,ed46d1fbd7bf78ce79910c09fb892abb,esporte_lazer,800.0,12500.0,1,406
936,ed9b924bdbd0fd22c60aba6dddfbb6e5,audio,675.0,3168.0,1,1046
937,ee2405458ecf90c4d6e1c55a9680de91,brinquedos,17650.0,101250.0,2,919
938,ef1c1ac9af94321c7af51e984279cb6b,construcao_ferramentas_construcao,14900.0,69120.0,6,138
939,ef22b718807d8b96162d9b021912f178,fashion_roupa_masculina,300.0,352.0,2,940
940,ef6aa884e3493fd38cc8ee47d8d79d10,cool_stuff,150.0,1344.0,1,1392
941,ef76ea9ee88ad60b9680c7635f2baaa8,bebidas,200.0,2520.0,1,497
942,f0737b524fe6b57f2ad4f174ce23a62c,esporte_lazer,12600.0,4000.0,1,1440
943,f092eaa771e3dca0bfeca32b5c9d5669,instrumentos_musicais,3350.0,27000.0,3,439
944,f0a8b25a0a4f80f60eed4e1fdc3d477c,beleza_saude,1450.0,28272.0,2,374
945,f0e14d7b2230a53543506024021cc3ef,moveis_decoracao,3000.0,8349.0,2,2130
946,f0ea71b6e2ab4cb3bd8f5ba522a25a56,unknown,1300.0,18000.0,,
947,f102842fbe436027eeeb7fc76d3063aa,consoles_games,350.0,8000.0,3,434
948,f1202530b474dade246e7fe77cdda463,cama_mesa_banho,1700.0,11560.0,2,373
949,f14aa2ba817ef24ccf7f99c0ccfab59a,relogios_presentes,263.0,4320.0,1,610
950,f159439c5c382fae366d444e05c590c1,perfumaria,400.0,3888.0,1,365
951,f16ced867a24a244afefb5b867f337df,fashion_bolsas_e_acessorios,13600.0,62400.0,2,487
952,f17b05cc8a7651896df8c30884200e9a,climatizacao,2000.0,26112.0,1,547
953,f2396540fbfac27b5117f0dbd6744b50,cama_mesa_banho,3600.0,32000.0,1,222
954,f28fd17099749b33b6e5081515b2e797,cama_mesa_banho,550.0,3750.0,1,421
955,f2a1b32f85cad59ff2a8444154ac25f0,climatizacao,7800.0,42000.0,4,2959
956,f2c1df0fc307ec60e3321c708c1dcac3,cama_mesa_banho,850.0,12000.0,1,431
957,f2d80346f1dd6986e9e6611db7b708aa,bebes,50.0,352.0,1,446
958,f303e2cdf0967ef1a153d12f2685d280,cama_mesa_banho,1400.0,6250.0,1,262
959,f3979f97b4913d696bbe9c7c425c5e4e,bebes,18667.0,165088.0,3,654
960,f3dadecca4b876a315481c79b8adcf16,pet_shop,300.0,3456.0,3,365
961,f46c384460008df0071849d01b39834f,esporte_lazer,700.0,2277.0,2,527
962,f4d705aa95ccca448e5b0deb6e5290ba,cama_mesa_banho,250.0,600.0,1,74
963,f50df9b142a624bf4c4d8495489a207e,brinquedos,600.0,11500.0,1,804
964,f5287cac0d71b68c9cbf57fe0e19181e,automotivo,2800.0,21945.0,1,199
965,f53103a77d9cf245e579ea37e5ec51f0,cama_mesa_banho,500.0,2560.0,1,206
966,f6574524b07d5bb753bab6f35abe2d06,malas_acessorios,3600.0,43750.0,5,573
967,f6691c7e7a0c12d28003c97608dfe605,fashion_roupa_masculina,950.0,9600.0,2,1026
968,f66bfba86b78fa48e0834bb209e1555a,cama_mesa_banho,1950.0,40020.0,1,306
969,f72379337062680ca5a2b7b0275913d8,moveis_decoracao,2050.0,11880.0,2,945
970,f7740e5b4337a3cc4a8a204553101a85,beleza_saude,543.0,5760.0,2,876
971,f777c903946dd86fd00cd5b32ec3e907,construcao_ferramentas_construcao,21400.0,8000.0,4,954
972,f7e0b1caf4e8709c62147484d5b1aa6a,perfumaria,200.0,1300.0,3,310
973,f86faff2fff9d021e363dc81bfd16930,cool_stuff,900.0,6250.0,1,304
974,f8f6fd145cc00519283cf3100477b2b3,esporte_lazer,1050.0,7000.0,1,956
975,f908df99196805b5bc4ada9ef510b11b,esporte_lazer,1950.0,13500.0,2,245
976,f911903162e5c7cfa48e5b803068b091,construcao_ferramentas_construcao,400.0,2000.0,2,290
977,f9471562478eba8761bc985b968a0092,utilidades_domesticas,850.0,5670.0,1,390
978,f97d74310019b255120e4316f4515d74,fashion_bolsas_e_acessorios,200.0,1584.0,4,426
979,f997c8ca952938be7b2d487f761c7e76,telefonia_fixa,99.0,1056.0,1,78
980,f99af3a3d10f7a52df7eb10abd1b72be,telefonia,50.0,1188.0,3,880
981,f9aa001a859b11fd798bb386f3d07eb0,pet_shop,9000.0,43560.0,17,802
982,f9ecf420c38b90a8af8e7f70fd789264,esporte_lazer,600.0,6000.0,1,101
983,f9f899bf492ac59cf645a6c93eb91e05,moveis_decoracao,6267.0,51840.0,1,764
984,fa9cf28beaafe4f4bec59550f6c76481,moveis_decoracao,400.0,3150.0,3,470
985,fac0337908b983ba98c810f03d25f278,cama_mesa_banho,3850.0,18000.0,1,729
986,fc2edee55f4118969f4dc49f7a717605,automotivo,500.0,3264.0,3,1548
987,fc37e09bb4dadd1eef5e92e954b1c72e,bebes,500.0,4140.0,2,1243
988,fc5c33cddd49638580cfe9fec90aa943,bebes,300.0,1408.0,1,978
989,fdac82e439dafa5f87a9547581532380,automotivo,1000.0,20800.0,1,1541
990,fddede0d4854d07dbb9bcf3b090697f3,automotivo,500.0,3072.0,2,357
991,fdeb34a9f03fea7c3937dd62d1d0287e,cool_stuff,1100.0,13800.0,1,1252
992,fe705ffbaa3804c5562b8b1046157a6c,beleza_saude,350.0,990.0,1,803
993,fe849745fcdc6e1d6864539a2b13197f,beleza_saude,300.0,2964.0,1,841
994,fe9184887637170f6da65623475d6a66,construcao_ferramentas_construcao,600.0,7514.0,1,2457
995,fea2f92877b647dc07ea8e3f4aa2cf3f,brinquedos,7400.0,69165.0,2,537
996,fedccbd5e370e8ddb7aae6fb4cb70347,unknown,1200.0,8000.0,,
997,ff7ac89ca5b77d0fb5f8a65262d73956,perfumaria,1000.0,3640.0,1,483
998,ffa5d8273d8e03363bb4014de3f89dce,pet_shop,1150.0,24000.0,5,619
999,ffc9d90bae2127e6a6ce6d6654267ebd,esporte_lazer,300.0,29920.0,2,1113
1000,fff0a542c3c62682f23305214eaeaa24,papelaria,300.0,6000.0,3,146
