seller_key,seller_id,seller_city,seller_state,seller_zip_code_prefix
1,001e6ad469a905060d959994f1b41e4f,sao goncalo,RJ,24754
2,002100f778ceb8431b7a1020ff7ab48f,franca,SP,14405
3,004c9cd9d87a3c30c522c48c4fc07416,ibitinga,SP,14940
4,00ab3eff1b5192e5f1a63bcecfee11c8,sao paulo,SP,4164
5,00ee68308b45bc5e2660cd833c3f81cc,sao paulo,SP,3333
6,011b0eaba87386a2ae96a7d32bb531d1,pompeia,SP,17580
7,0176f73cc1195f367f7b32db1e5b3aa8,ibitinga,SP,14940
8,01bcc9d254a0143f0ce9791b960b2a47,uruacu,GO,76400
9,01cf7e3d21494c41fb86034f2e714fa1,francisco beltrao,PR,85603
10,024b564ae893ce8e9bfa02c10a401ece,sao paulo,SP,3280
11,02c988090b766852e088c69d7fb3b551,americana,SP,13473
12,02ecc2a19303f05e59ce133fd923fff7,santo andre,SP,9121
13,02f5837340d7eb4f653d676c7256523a,curitiba,PR,80620
14,0307f7565ff85b299b6e5ef162b1b1a9,sao jose do rio preto,SP,15085
15,0336182e1b3e92f029d5354832045fdf,ibitinga,SP,14940
16,039b29ff3b3473435d0cd59040575de9,ribeirao pires,SP,9443
17,042573af89b6d931f672efaf789d8358,sorocaba,SP,18015
18,0432ead42b6c8a0bdf68154add917fdf,maua,SP,9320
19,044668ccd5316b12a7cf0d54a156e3e9,osasco,SP,6016
20,04aa0a1c5ce6b222003403a3e11c3cc0,cosmopolis,SP,13150
21,04e38a233f726ef161074ab1c9b0399a,sao paulo,SP,1239
22,054694fa03fe82cec4b7551487331d74,itajobi,SP,15840
23,05a48cc8859962767935ab9087417fbb,sao paulo,SP,5372
24,05ca864204d09595ae591b93ea9cf93d,barueri,SP,6465
25,05e107217c7266362fd44b75b2cd4cc4,sao paulo - sp,SP,5353
26,05feb94f19d094d4b0f9281f0b1d4c99,mogi das cruzes,SP,8752
27,0692610d8abe24f287e9fae90ea0bbee,sao paulo,SP,2310
28,06bb3a2fe5e7b7a845b13e8fb91bd944,belo horizonte,MG,31844
29,07017df32dc5f2f1d2801e579548d620,joao pessoa,PB,58030
30,0747d5bb69f0586cc869d8af4c50f93e,saquarema,RJ,28990
31,079d295dcbf06ee8bb1b65ba964eb2b6,sao paulo,SP,2124
32,07d75e33f2750d97d467fb57e4dfdd8a,sao paulo,SP,2117
33,08084d990eb3f53af056ccbc1730c8a7,sao paulo,SP,3612
34,081acf3de680d554796c9cf041be7bc2,vespasiano,MG,33200
35,082e0bf4cb865a6533b1e8e498cc0255,botucatu,SP,18608
36,085f6f7e049c996695fb2074fe38d45e,taubate,SP,12020
37,08f5819815f3d06545011850bd70f0a8,santos,SP,11075
38,093805f8f2aeb63881444571e1f48f30,osasco,SP,6236
39,099095b050cfe8eb1ddff5317587e96e,sao paulo,SP,3322
40,0a198e95d32b1be2da9424c962a6ebfa,contagem,MG,32260
41,0a82f5fb06a4fe4ac2cf7cb412ec71b8,sao paulo,SP,5524
42,0ad80de75c811326389cfb1daba7d45e,rio de janeiro,RJ,20261
43,0ade5cc4a305ed7093a23f68ca47519c,curitiba,PR,81030
44,0af977692321d895349eded183341d28,santos,SP,11070
45,0b0ddbc7b9d9584f442c7ac92b0ff6c9,guarulhos,SP,7052
46,0b64bcdb0784abc139af04077d49a20e,canoas,RS,92420
47,0b90b6df587eb83608a64ea8b390cf07,maringa,PR,87025
48,0bebbb2cea103a4a020c95d43fd7d754,sao paulo,SP,2515
49,0bf0150d5b9d60d9cd2906003332f085,sao paulo,SP,1547
50,0bfd0b434243adc5c2e1aa6baf19c6aa,rio de janeiro,RJ,22745
51,0c7533c71df861ec58ad7ff999ed0e8d,valinhos,SP,13270
52,0c8380b62e38e8a1e6adbeba7eb9688c,tres coracoes,MG,37410
53,0d33a55da925bbf1ff02af5f6059fc7f,sao paulo,SP,5632
54,0daf5180aa44356f60f8effa533b55a2,goiania,GO,74043
55,0ee4fb99ac55ffbbc98795aa01b7f8fa,santana de parnaiba,SP,6539
56,0f0c984a4a955310903b6b6008660bad,franca,SP,14403
57,0f7eea709efdf942b5f95c7516dbacd7,pedrinhas paulista,SP,19865
58,1099a00e0ee3a50935e6c2447ca090c5,rio de janeiro,RJ,20921
59,10ff823eda2b032e2c93d17a7d294736,pederneiras,SP,17280
60,11305281b50fff20ae8bb473f8e11876,uba,MG,36500
61,116ccb1a1604bc88e4d234a8c23f33de,sao bernardo do campo,SP,9850
62,11938fcc75f6902fea1d0a6f72b54a57,sao miguel d'oeste,SC,89900
63,11d4c477d09821164bca4f70a2eae031,ribeirao preto,SP,14075
64,1284de4ae8aa26997e748c851557cf0e,laranjeiras do sul,SP,85301
65,134285d1f41da5c13a756ee8142c8a4e,sao paulo,SP,2523
66,1354d51653f645349064725ed204e85e,sao paulo,SP,1230
67,138dbe45fc62f1e244378131a6801526,sao paulo,SP,2215
68,13c2ed7698b3ca92dad49e849219da59,ponta grossa,PR,84010
69,13d95f0f6f73943d4ceffad0fc2cd32c,goiania,GO,74473
70,13e85aac53340018b40c2af68001b7e0,pedreira,SP,13920
71,13fa2a6c6b9d0f43cb588d7c82117a12,sao paulo,SP,3567
72,1430239a858e7682bbc43b20758af153,sao paulo,SP,4087
73,1444c08e64d55fb3c25f0f09c07ffcf2,lauro de freitas,BA,42738
74,14a08204d03bb6b6bde8029f801ae0eb,sao paulo,SP,1026
75,14f2b3587172b9db894c9bad8dab520b,ipe,RS,95240
76,152ee17e4c8aaf53dac99f3462e4999b,garuva,SC,89248
77,1554a68530182680ad5c8b042c3ab563,monte siao,MG,37580
78,15aec03fe4cf30dfa574cf550f5ff5ff,rio de janeiro,RJ,21862
79,15b3b1b81484422eb41df68ac87f1f50,bauru,SP,17047
80,15fa791d5e017f66402dc28c44480657,sao paulo,SP,3307
81,160851d3ece7aa1a510f8d1a4bb8a8af,garca,SP,17400
82,160e4f13fd3a64b1b86807be88b5ffb0,colombo,PR,83409
83,164a5a8794e6d42e14f55e447b12a3bc,guaira,PR,85980
84,166e8f1381e09651983c38b1f6f91c11,imbituba,SC,88780
85,1690cada046eb7e92c12f98b1f8a8167,sao paulo,SP,1303
86,179d859f51292aac5c10806a356f7af9,ribeirao pires,SP,9411
87,17adeba047385fb0c67d8e90b4296d21,guarulhos,SP,7052
88,1927cdb9fa74f5270097f6250e8e8f34,marilia,SP,17511
89,1961c3e1272bfeceb05d0b78b5bbfdaf,guarulhos,SP,7241
90,1996942dc085d7773ba77a529b163cd0,pradopolis,SP,14850
91,1a3df491d1c4f1589fc2b934ada68bf2,joinville,SC,89224
92,1a6245add4353f18ed55138808906979,sao bernardo do campo,SP,9694
93,1a8e2d9c38b84a9702ac7922924b0573,araquari,SC,89245
94,1acde099eb406aa220b1169b188b42da,sao paulo,SP,2532
95,1b4b28463457a256e9a784ebe2a8f630,piracicaba,SP,13418
96,1b4c3a6f53068f0b6944d2d005c9fc89,sao ludgero,SC,88730
97,1b938a7ec6ac5061a66a3766e0e75f90,penapolis,SP,16304
98,1c83418358f249c9d6affa52d579db0e,sao paulo,SP,1420
99,1caf283236cd69af44cbc09a0a1e7d32,nova iguacu,RJ,26020
100,1cbd50a8c52e6cf8e315c5709fab386f,fazenda rio grande,PR,83830
101,1ce3ae5a399804d1a87e706f8a813c3e,jaguaruna,SC,88715
102,1d4587203296c8f4ad134dc286fa6db0,sao paulo,SP,5101
103,1d953075c2f0dd990bacf27b83b330f1,belo horizonte,MG,30421
104,1dc2de47ee26a0a5b12dc14fd6dc0dea,ibitinga,SP,14940
105,1e47defeeadeca0e9a18fa5a9311e735,catanduva,SP,15800
106,1e9d5a33694bddb76316fd1f54734d20,jaciara,MT,78820
107,1f50f920176fa81dab994f9023523100,sao jose do rio preto,SP,15025
108,1f7dfad2cb384ea4d2d7e1ffbd78c407,sao paulo,SP,1139
109,1f9ab4708f3056ede07124aad39a2554,tupa,SP,17602
110,1fbe10c70e30765ed1de86d9f7e98409,maua,SP,9320
111,1fdc574883ef3b33ad41562d93f3a74a,limeira,SP,13480
112,1fe5540d7c1c37a595fefbacd5570d9e,paraiba do sul,RJ,25850
113,2078fe5066350e7d220c0ad3a3bbc6c1,arapongas,PR,86707
114,2089a6d640999f9b9141ac719b2af596,sao carlos,SP,13566
115,20a7efa9721046319bdde5d60b6b5365,laguna,SP,88790
116,20a8b0dc55da94fe74d112082427c84f,itu,SP,13312
117,20d83f3ef0e6925fd74bfd59170babf7,sao paulo,SP,2804
118,2138ccb85b11a4ec1e37afbd1c8eda1f,sao paulo,SP,8250
119,217f005bb37ff3aeef5b2ae1788e75ba,osasco,SP,6038
120,229c3efbfb0ea2058de4ccdfbc3d784a,belo horizonte,MG,30190
121,22a23e5ac7061fc538cc2a019afaaf16,belo horizonte,MG,30310
122,23613d49c3ac2bd302259e55c06c050c,porto ferreira,SP,13660
123,23a0ffca143a15b9b5bbdb7d552f626a,sao pedro,SP,13520
124,23ff42c4bf1f8f16cddb19d8b972974a,itau de minas,MG,37975
125,24c1de8d9551c0b4fbc53317d53efda8,serra redonda,PB,58385
126,252e76235acb79183cfca6e34f13337d,campinas,SP,13090
127,259f7b5e6e482c230e5bfaa670b6bb8f,poa,SP,8550
128,25debeafbce801fdd479539350185eee,igaracu do tiete,SP,17350
129,2646baaf662d4d92ac48f047e35db92d,sao paulo,SP,3303
130,26af45f5dfd967225a832838aa4e24a3,curitiba,PR,81070
131,26b482dccfa29bd2e40703ba45523702,santa barbara d´oeste,SP,13450
132,26e13b6ff5b641b329e5524241ee2c93,franca,SP,14401
133,26f6b7ab07be3e9e69ce82a6552efc19,rio de janeiro,RJ,21070
134,270d3ef21830ad0ecf3a6c53d08a533a,carapicuiba,SP,6380
135,276677b5d08786d5dce7c2149dcce48b,belo horizonte,MG,31730
136,28405831a29823802aa22c084cfd0649,sao paulo,SP,3644
137,28872dc528e978a639754bc8c2ce5a4c,caxias do sul,RS,95070
138,289cdb325fb7e7f891c38608bf9e0962,belo horizonte,SP,31570
139,28a26ebce31d5918b181ede016fd693b,belo horizonte,MG,31950
140,293dee954235e4e4e43f129313625ebe,brasilia,DF,72125
141,2a1348e9addc1af5aaa619b1a3679d6b,belo horizonte,MG,30494
142,2a167ca73899c85001a837d8fb4962f6,sao paulo,SP,37540
143,2a261b5b644fa05f4f2700eb93544f2c,porto ferreira,SP,13660
144,2a5b78b41cd05baeac8df54c6606b92c,formiga,MG,35570
145,2aafae69bf4c41fbd94053d9413e87ee,porto alegre,RS,91901
146,2b03ac196f5ed62ac483960fe0fa3b65,sao paulo,SP,2510
147,2b1a40c1daabc6ca280c4b815c101841,divinopolis,MG,35500
148,2ba91c7ad80ff88b23b7db823b43c233,itu,SP,13310
149,2bd05d410a8fd26dc4184a15f4f2f588,belo horizonte,MG,31130
150,2bdb95a56a36ebbc6640337ac5eac174,sao paulo,SP,4054
151,2c2c9832d1bb38c5b0034a3b47d313ee,santa maria,RS,97050
152,2c54051840f19eca309a5423cf22df36,curitiba,PR,81830
153,2cb6eb1b7185064167657fa09f541105,sabara,MG,34710
154,2d20f1cd18725c91147da0791d498022,londrina,PR,86040
155,2d378dbb39815785238c0139c7647fb7,sao francisco do sul,SC,89240
156,2d42ebcda99fd55f6f4bc2f1ca035d50,uruacu,GO,76400
157,2d50d6282f8aa2257819a77bfaa0efe0,ibitinga,SP,14940
158,2dd1fb6f0e42a2243b8a01e40cd41216,curitiba,PR,80240
159,2e7ea2aafec5835e781b21d6d1faf1f1,sao paulo,SP,2820
160,2ec6e37d992a95eaddb3369dcbcc76d9,porto alegre,RS,91310
161,2ef086a599b597572aca4433b7ed6b3d,jaragua do sul,SC,89256
162,2f3d8b4c9e2ee165075331fea3f3095a,sao jose,SC,88107
163,2f4b0d3b9634b647d4edee577d7ebb7e,sao paulo,SP,2310
164,2f73e04d12cdf0c945ded66bb3fcf6c7,cachoeiro de itapemirim,ES,29313
165,2fb25ab44bdbeae6a4d816e0d0c9d500,volta redonda,RJ,27274
166,2ff97219cb8622eaf3cd89b7d9c09824,salto,SP,13320
167,30829ded4523ab9224b93bc49a62c95f,parai,RS,95360
168,3092c0b297aacfb4bb6e056ebe13b9b8,aruja,SP,7402
169,312ba1d77e9c332ef21f9598b7f64cd7,guarulhos,SP,7179
170,31ae0774c17fabd06ff707cc5bde005f,americana,SP,13478
171,323ce52b5b81df2cd804b017b7f09aa7,sao paulo,SP,3306
172,324583d68897f5ddbaf38f6248322176,sao jose do rio preto,SP,15046
173,3296662b1331dea51e744505065ae889,catanduva,SP,15805
174,32b8764b4ef628b53608fc34011fcc13,lages,SC,88504
175,32e5635e63cb374eb63afdd242fb6134,rio de janeiro,RJ,22451
176,32f83ffe11cd40f7adcf4eef171f52d9,uruguaiana,RS,97502
177,334cab711dee080b079fa5779b584783,santo andre,SP,9190
178,3364a91ec4d56c98e44174de954b94f6,porto velho,RO,76804
179,33a17d60c64393351ebf1ef860f4e0f2,porto alegre,RS,91510
180,33cbbec1e7e1044aaf11d152172c776f,bento goncalves,RS,95705
181,33cbda8716511e27e556dff9d8418bf2,blumenau,SC,89052
182,3442f8959a84dea7ee197c632cb2df15,campinas,SP,13023
183,34675b28b826facfde119785bf287dc1,cascavael,PR,85802
184,34a557286ead8fe75c989e0afcf7d98c,franca,SP,14406
185,34aefe746cd81b7f3b23253ea28bef39,curitiba,PR,81210
186,34d1ca11b242c0fee2c834ae8d788566,congonhas,MG,36415
187,3504c0cb71d7fa48d967e0e4c94d59d9,maua,SP,9350
188,35281d148dcf7134bae913c57db4e6da,sao paulo,SP,5171
189,3586b8580d9c917874e053a1bb37b5ff,araraquara,SP,14802
190,3606774ec64634822d78dc2db6d37045,sao caetano do sul,SP,9510
191,36f98ad67cc981f50ce8aed093d5783c,toledo,PR,85904
192,376d67b61dce0c990155286e7ae486a4,sao paulo,SP,4815
193,3785b653b1b82de85ab47dd139938091,ampere,PR,85640
194,37be5a7c751166fbc5f8ccba4119e043,sao paulo,SP,4248
195,38102b031c2a15e54623d711bfc753d3,mucambo,CE,62170
196,385799a1cddbd26dfeb9157356a42282,sao paulo,SP,4676
197,38af8acfd46ac4a7bf754e8ca6736664,sao paulo,SP,4364
198,38e679b9e0064cd94c6f035707344dae,londrina,PR,86010
199,38f276ca6e7cc95a6d1bb55ac9e5550f,marilia,SP,17520
200,391bbd13b6452244774beff1824006ed,campinas,SP,13082
201,391fc6631aebcf3004804e51b40bcf1e,ibitinga,SP,14940
202,392f7f2c797e4dc077e4311bde2ab8ce,rio de janeiro,RN,21210
203,3969863bb8af7f72580b3b1ffd3a17b3,sao paulo,SP,3550
204,39c763cca83e654764b7a4a650fb9b7c,goiania,GO,74563
205,3aa3c89ae3cd482385568be76120f63c,goiania,GO,74343
206,3bb32fedaa74e4ad20f4ce067733bd31,porto belo,SC,88210
207,3bdff180c7e1f6551a643b99c265a120,sao paulo,SP,4811
208,3bfad056cf05c00dabe2f895925d83b1,osasco,SP,6033
209,3bfba5a77604f6dfae7e6dd7aaf65821,londrina,PR,86046
210,3c010235b7345c92f125d14ee232a76b,mandirituba,PR,83800
211,3ca08eeb8d5595949fed424bd3677742,curitiba,PR,82510
212,3d0cd21d41671c46f82cd11176bf7277,joinville,SC,89217
213,3d3ccf2b2f8134b10dce9dd446f0e075,ibitinga,SP,14940
214,3d4824f20035949c710eaf111f869d39,sorocaba,SP,18015
215,3d621842b2ed28e2b474132480edac3c,sao paulo,SP,8041
216,3d700782d7818f2c1e0d7a9e9d75fc00,sertanopolis,SP,86170
217,3da38366e7bd9baf6369071f782ecdf0,fortaleza,CE,60346
218,3db66a856d18a9cba7c9241fc5221c50,ponte nova,MG,35430
219,3dc69bf2c42f0568a5c4791ec3fd3745,sao paulo,SP,2880
220,3df020b72d3d44b3af9d110fa3940b65,jales,SP,15704
221,3dfd3dc96f7f8598eca74e9ac8a2fa31,sao paulo,SP,3343
222,3e8bd881d92466e63ba9e3e809cd3c50,rio de janeiro,RJ,20751
223,3f8247d0f772ffa58560e5c682521ad5,joinville,SC,89211
224,3f995f07c49d0d55a99d5c54957f7d81,itapecerica da serra,SP,6853
225,3f9be91358837bff69df67edfa3e42e8,londrina,PR,86039
226,3faf68a3b0af94b10bac70d86077be49,holambra,SP,13825
227,406822777a0b9eb5c50e442dd4cd3ec5,tatui,SP,18500
228,411f3b52d857390502ee4e4d5ceabc2d,ribeirao pires,SP,9400
229,4125d9385a25e82d2f72d3a0fd55bc3f,santos,SP,11065
230,4170f6a9367e6b5d6401d03ce6d54569,brasilia df,DF,71906
231,41ab63a91b8b264e8c8780368bf1dd5b,belo horizonte,MG,31555
232,41da412d33e8da4f22baf55cb1bde82c,domingos martins,ES,29260
233,41e0fa5761c886a630994a55c12087e7,guaruja,SP,11446
234,4221a7df464f1fe2955934e30ff3a5a1,bahia,BA,48602
235,422be4cc81a457fdb46f47edeb968ae5,ibitinga,SP,14940
236,42b6488f5b8246d9141712abd4b1b693,maringa,PR,87014
237,42b729f859728f5079499127a9c2ef37,sao paulo,SP,3910
238,42d4b7e70819438f5ada61c965e92d7e,goiania,GO,74045
239,430315b7bb4b6e4b3c978f9dfa9b0558,sao paulo,SP,4857
240,4324dd16853115efb0fd9d0d131ba6f4,sao jose do rio pardo,SP,13720
241,436bf27f2f18474fc6047702e9f8a866,campinas,SP,13041
242,43753b27d77860f1654aa72e251a7878,barro alto,BA,44895
243,44073f8b7e41514de3b7815dd0237f4f,brasilia,DF,71070
244,446cc09cdbb130904da114e807dbec40,sao paulo,SP,5615
245,45213867cefbf2cd4c6177e10216a951,araras,SP,13603
246,455befea1bb853c75ccbca94cff26e5c,resende,RJ,27525
247,455c5640e8c5bd1b2ee85c0158f85727,luiz alves,SC,89128
248,458c6fa920810ce2492da71bc26d9eec,catanduva,SP,15813
249,45c20d94d9171b0bcfab3c955e47d67b,cordeiropolis,SP,13490
250,4677a5437afda5fa7140b927b07be1cc,japira,PR,84920
251,47efca563408aae19bb7206c2d969ea9,teresina,PI,64033
252,48328ec9a579151d9cc6a86d4a59336c,canoas,RS,92310
253,483ca627d131e18f988349b1655c0acd,mogi mirim,SP,13800
254,48436dade18ac8b2bce089ec2a041202,volta redonda,SP,27277
255,48b6c3f4c6a93171da04b75313f2130f,osvaldo cruz,SP,17700
256,48e5ee06fb2dc74df1c711a9b6dfac2a,oliveira,MG,35540
257,48e954b2da4f6a750c844173b347ed40,porto alegre,RS,91740
258,48fb026ed7455a42f5d3e9390ed5088e,barra mansa,RJ,27321
259,49067458c68f7701fd334ce326accbe0,juiz de fora,MG,36050
260,4917cee8d902e13428c3ec4b1ca6f315,blumenau,SC,89031
261,49383af7ab774e4e8f3000f49c83dc4b,taubate,SP,12080
262,4a1917ef994878940e1fb03eeb787ad7,brasilia,DF,70610
263,4aba391bc3b88717ce08eb11e44937b2,arraial d'ajuda (porto seguro),BA,45816
264,4b1eaadf791bdbbad8c4a35b65236d52,ribeirao preto,SP,14092
265,4bcec44888b30ba9001234c534716d3f,santo andre,SP,9230
266,4bde6149c15cf7e177b36fa060dd6de8,carazinho,RS,99500
267,4be2e7f96b4fd749d52dff41f80e39dd,rio branco,AC,69900
268,4be9ae93c4fc0f41713d71a4194ee1b3,divinopolis,MG,35500
269,4c18691b6037662be2df78a765d98ab5,sao paulo,SP,3167
270,4c498c7345e89aebad651544829beca0,carapicuiba,SP,6341
271,4c60877808f4318ef1107fbeb8f89afa,atibaia,SP,12940
272,4cc43a222a0f94910728b62b97a8c5f8,ribeirao preto,SP,14026
273,4cf490a58259286ada5ba8525ba9e84a,tabatinga,SP,14910
274,4d0041cdbe51b4617d95c70b19decc74,juiz de fora,MG,36052
275,4d232b78ab7ef10393dc3807d827bc0d,belo horizonte,MG,30120
276,4d600e08ecbe08258c79e536c5a42fee,entre rios do oeste,PR,85988
277,4dab98ca6cd6d3df586203cefd28a042,porto alegre,RS,91150
278,4dbd95a08b31ede5c82d3f861cb1ce1a,curitiba,PR,80210
279,4de6e4ba574aa9dfdc824bc44dc47fdd,colombo,PR,83402
280,4deebb3199eeafb282ae33229144f94b,sao paulo,SP,2112
281,4e326052e5dbba8adcd512f3450a307e,sao paulo,SP,8020
282,4e480be820e37de1444325ff358c9296,tres coracoes,MG,37410
283,4e5725ba188db8252977a4f0227bd462,ribeirao preto,SP,14092
284,4e6015589b781adaa5ce7f1892d06bb1,guaruja,SP,11440
285,4e7c18b98d84e05cbae3ff0ff03846c2,jaboticabal,SP,14882
286,4e85b538b0dad58852641540686d0e14,sao jose dos campos,SP,12238
287,4e92348462c75b6c842b994ce84a0ed4,cachoeirinha,RS,94930
288,4f0d637c1197fd65405ebd755ac9f86b,taboao da serra,SP,6768
289,4fe2f67634d00c021aa01f96b6f2d68e,maringa,PR,87035
290,5011f0d93373a4c5753adf58ca77af8d,santos,SP,11013
291,5058e8c1e82653974541e83690655b4a,itaquaquecetuba,SP,8583
292,5075aaa8404020ae6aa8bf4792099b41,pocos de caldas,MG,37706
293,50bf89f1349bc0409a268c3a49678009,jaci,SP,15155
294,50c361bcf670d16f6df4d52de3dff924,sao paulo,SP,4131
295,50c9975695009e5e6473912e83a6d1da,claudio,MG,35530
296,51209b446b2073894bdc0face6c73ffc,vila velha,ES,29104
297,512d298ac2a96d1931b6bd30aa21f61d,rio de janeiro,RJ,20060
298,513a54369b6a8a6602fcb0e129c6d78d,sao bernardo do campo,SP,9862
299,515d781150feed28a6ac091bb0e3cb8c,campo grande,MS,79090
300,516e7738bd8f735ac19a010ee5450d8d,rio de janeiro,RJ,22230
301,5194c22ed1f616ec0c0f33c571542879,santa rita do sapucai,MG,37540
302,51a04a8a6bdcb23deccc82b0b80742cf,braganca paulista,SP,12914
303,51e0557bc7b86de13e946c60ee91ce39,belo horizonte,MG,31510
304,5206cc4bc2297c833e6061c49bf9c43f,osasco,SP,6192
305,52092ddbd3a58c450a4459bf051b2287,dois corregos,SP,17300
306,5236605f4d4b0b3e4df85b850393fca0,sao paulo,SP,3311
307,52831e5990d0771cb4951d6f12928167,tupa,SP,17600
308,528ce32f560edd11add4169f6a5b65be,sao roque,SP,18130
309,52956b80ae65fda598f06f6b9943e7a9,maringa,PR,87050
310,52f976b17ea7f2f087f56dcc419328f6,california,PR,86820
311,53243585a1d6dc2643021fd1853d8905,lauro de freitas,BA,42738
312,5343d0649eca2a983820bfe93fc4d17e,santo andre,SP,9270
313,535bf14f36346c7f59d87cece104d70c,rio de janeiro,RJ,20735
314,537eb890efff034a88679788b647c564,rio de janeiro,RJ,20270
315,5444b12c82f21c923f2639ebc722c1ea,sao pauo,SP,2051
316,54583ab379489add547fe47b628db589,sao bernardo do campo,SP,9810
317,54aa8463e87776b5612f4bdc4bd5d4de,belo horizonte,MG,30550
318,553a440137d6e0cf776aee0bb83ac9f5,limeira,SP,13481
319,556a6409838156ea299c9d1f9e2dde43,curitiba,PR,81200
320,5587130f9850696ed7fafbc91c2cee44,sao paulo,SP,4311
321,55a5b51f93f2b70ea513f5a047b0262a,sao joao del rei,MG,36301
322,55bb6fe5bebe5012e2d7d9928e1128ff,bauru,SP,17052
323,55c26bcb609f480eb7868594245febb5,tabatinga,SP,14910
324,55f7a3319d80f7fdf078b8f03e6725fe,osasco,SP,6056
325,562f8cfc51f265411f487d07e9c40e7f,belo horizonte,MG,30575
326,5670f4db5b62c43d542e1b2d56b0cf7c,sao paulo,SP,3694
327,570d4583587a5fe2d47c7be89b91ad27,sao paulo,SP,2220
328,57a834594e1e9e9219603bfec184eadc,santa rosa,RS,98780
329,585175ec331ea177fa47199e39a6170a,montes claros,MG,39400
330,59417c56835dd8e2e72f91f809cd4092,limeira,SP,13480
331,5962468f885ea01a1b6a97a218797b0a,curitiba,PR,82040
332,596849622429351f47b32e6cae1055ff,mogi das cruses,SP,8710
333,5996cddab893a4652a15592fb58ab8db,presidente prudente,SP,19010
334,59b22a78efb79a4797979612b885db36,uberlandia,MG,38414
335,5a32c398a06c345440bf2a683b017ad3,rio de janeiro,RJ,21070
336,5a93f3ab0ef4c84ed5e1b5dbf23978bc,monteiro lobato,SP,12250
337,5abb8ea023c77787f2c15da891c8d384,joinville,SC,89228
338,5acd070dd3fe441bbb2ec1f1ede515ee,jundiai,SP,13203
339,5b2e94f2c22b39ccc24d34ad0f669672,sao paulo,SP,1214
340,5b664594895aefb418afaee6d40a9a23,petropolis,RJ,25750
341,5b925e1d006e9476d738aa200751b73b,sao paulo,SP,4567
342,5b92bfa4120daa27c574daa2e386c693,sorocaba,SP,18070
343,5bc237df65098fe211bb4818f4d26d78,uberlandia,MG,38410
344,5bc24d989e71e93c33e50a7782431b0e,campo do meio,MG,37165
345,5bc55dbe2f12b6af6d83ed46023e0dc8,coronel fabriciano,MG,35170
346,5bf397d04035b5f45cc41e82ec106803,sao paulo,SP,4144
347,5bffbafbb22daf6d3bfc216a46db8708,nilopolis,RJ,26525
348,5c030029b5916fed0986310385ec9009,sao jose,SC,88075
349,5c603ffb38cbbf25a0e0698941324143,varginha,MG,37004
350,5cbbd5a299cab112b7bf23862255e43e,pinhais,PR,83324
351,5cf1ec37aea089f45110c70653a166ab,sao paulo,SP,2215
352,5d9dc90a686a8fddacffab6bab5653a3,santana de parnaiba,SP,6513
353,5e105f5c9f63f5f1fd75d6cb942e55b1,sao jose do rio preto,SP,15076
354,5e49e3a44bdeb5aab2684258bbd4f525,balenario camboriu,SC,88330
355,5e9f5bd34e0830569f05c9d4f56e04a8,porto alegre,RS,90560
356,5f2684dab12e59f83bef73ae57724e45,sao paulo,SP,5125
357,5f26c1408a65b42a7224cd463bdf3292,arapongas,PR,86707
358,5f3ae9136c875522250f8184f253413a,sao paulo,SP,1550
359,5f57db27027655e6c6a391601daa0258,viana,ES,29138
360,5f5a58930c3c35f3b5af264f34fb8c85,ribeirao preto,SP,14020
361,5fd924b4836098a5be0ecf81ba054ce0,sao paulo,SP,3554
362,610f72e407cdd7caaa2f8167b0163fd8,sao paulo,SP,1201
363,615005a3ef192c00c6f0e977cee3d2bc,itu,SP,13304
364,61b893c57e33626afb104d4112b1be76,divisa nova,MG,37142
365,61c36f0fc4a47f9532e5512b66668e62,guarulhos,SP,7043
366,623ad9d0c1e14bb5464a8c72bff7b4af,claudio,MG,35530
367,62760d278921b5f352461620d68a9cee,salto,SP,13320
368,62c50c1af4dfdc4149d25c5222043d39,sao paulo,SP,4782
369,638cba8be1fb599bbb76fd6948351eb3,sao jose dos campos,SP,12242
370,63ffcb71394dd8ea3872ed9ffda17c74,itaborai,RJ,24813
371,640e21a7d01df7614a3b4923e990d40c,ibitinga,SP,14940
372,6426d21aca402a131fc0a5d0960a3c90,ribeirao preto,SP,14091
373,643c01d7c56a724bec0454f4780e8a3e,joinville,SC,89222
374,6481e96574816ead57975da2c0f6d80d,sorocaba,SP,18072
375,64cc804291f90c81f02bfc2bb58ff55a,curitiba,PR,81250
376,6524b847b982cd56bb5d4b02b776ee42,campinas,SP,13042
377,6548c2550b6e2d8f18053216e1c7b6f3,diadema,SP,9920
378,6560211a19b47992c3666cc44a7e94c0,sao paulo,SP,5849
379,657969cca82e884d272385ec0ef06edd,estancia velha,RS,93608
380,65c255b299faf2d12050937cc219c46c,sao paulo,SP,3060
381,6650fcccd8cd2f7e55ffa524f30c4c59,sao paulo,SP,8490
382,669ae81880e08f269a64487cfb287169,rio do sul,SC,89160
383,66d5ae34537110d3affc56174dad2b2f,sao jose do rio preto,SP,15062
384,671585f5a2af58b6e276bc01003c0d2b,curitiba,PR,80510
385,674207551483fec113276b67b0d871ff,sorocaba,SP,18040
386,67883baaae6134ee81b271a542613728,sao paulo,SP,1310
387,679769a98cfcc6da877c8486ff1c13f3,ipatinga,MG,35162
388,67e43d802fde8cfd3f9580124f8167d1,guarulhos,SP,7062
389,6806dad1da97bfb5a9038eac6881f706,guaratuba,PR,83280
390,685b870da5b52a710782c9c0fefbeb5b,sao bernardo do campo,SP,9820
391,6902157ee16728322d61a1321fa79e58,sao paulo,SP,1026
392,698624c6632eeba1774924dbea24c700,sao paulo,SP,1425
393,6989574bd97d9773f10d232b6c07da59,curitiba,PR,80040
394,698f5fa55a5f73d0740e9d9a773e8093,rio de janeiro,RJ,20751
395,69b5eaa096c3f9d1e5c398c597f567d6,birigui,SP,16200
396,6a38087bc8ad4f89ff453561005f6dea,anapolis,GO,75123
397,6a51fc556dab5f766ced6fbc860bc613,marilia,SP,17500
398,6a53b90c3ad9e0b56d9fe5c69165fff5,curitiba,PR,82220
399,6a8a889bde935bafa76d7848782dfaf9,sao paulo,SP,2839
400,6b15924333bd1a741595fe981ea04822,sao caetano do sul,SP,9541
401,6b1c4d4d9ccf0be3d8544eb0e71e5318,porto alegre,RS,91130
402,6b243f80ed07b10f0e8aa0f21a205f3c,curitiba,PR,81825
403,6b536a23086fba0d58c08d68814397f6,niteroi,RJ,24346
404,6b89abe95848c850399130d149a39b63,piracanjuba,GO,75640
405,6b90f847357d8981edd79a1eb1bf0acb,guarulhos,SP,7152
406,6bcb2352a2a0c38b845f598298ab9d26,maringa,PR,87050
407,6c17baf138731a4aaacc3210adf2037b,franca,SP,14400
408,6c6e3d67f969468f3bfd33f827a31222,maringa,PR,87035
409,6c7d50c24b3ccd2fd83b44d8bb34e073,presidente prudente,SP,19025
410,6cd68b3ed6d59aaa9fece558ad360c0a,belo horizonte,MG,31255
411,6d2f2e3b539480db1e0842b3a4e32e6e,guarulhos,SP,7051
412,6d803cb79cc31c41c4c789a75933b3c7,sao joaquim da barra,SP,14600
413,6ddc28b61be28373b4503a1f61cf98a9,sao paulo,SP,3543
414,6df688df543f90e9b38f4319e75a9d88,belo horizonte,MG,31230
415,6e13dd869aa7185f601c941423abcc8f,sao paulo,SP,5311
416,6e386f64c84e482f0b9abf960797ee1b,sao paulo,SP,1539
417,6eb94e1466490d327a09abf8f3552a50,jundiai,SP,13219
418,6ec1a01e866584bb679eb9b098345919,santos,SP,11040
419,6edacfd9f9074789dad6d62ba7950b9c,guarulhos,SP,7135
420,6f229cc508fc6915ed5c499efd93baa4,rio de janeiro,RJ,21931
421,70125af26c2d6d4ef401a1d02ae7701f,goiania,GO,74435
422,701938c450705b8ae65fc923b70f35c7,s jose do rio preto,SP,15014
423,709e16e2b25c7474d980076c6bfc4806,birigui,SP,16200
424,70b52a4cfc823994561b00bad161b4ed,sao paulo,SP,2727
425,70c0fda4c313d87115644d39e62eec60,caruaru,PE,55004
426,70ee69419916dc13e3aed619061f996c,mogi das cruzes,SP,8780
427,70f84699be677ec988d1fa824aef7d90,sete lagoas,MG,35700
428,71271995e85f5b8530be99ed54a91b89,porto alegre,RS,91360
429,712efd3b68f9686dc856b84abd0f21ae,curitiba,PR,82130
430,713e3a23ca5e47786eb6f0d99f94cfac,curitiba,PR,81050
431,7142540dd4c91e2237acb7e911c4eba2,penapolis,SP,16301
432,714b9a1332840f257b49f476bea4e341,monte alto,SP,15910
433,71592660bbcb6a4664e97b6f8b68babc,sao jose do rio preto,SP,15055
434,71593c7413973a1e160057b80d4958f6,sao paulo / sao paulo,SP,3407
435,715bbd5ba4e6b74cb0d2f29eb45058b0,serra negra,SP,13930
436,7178f9f4dd81dcef02f62acdf8151e01,videira,SC,89560
437,718539d38d07dd351c76db862760e2e2,campinas,SP,13088
438,7238f877570096ae403c51898fa64566,santana de parnaiba,SP,6519
439,723a46b89fd5c3ed78ccdf039e33ac63,"novo hamburgo, rio grande do sul, brasil",RS,93310
440,723cd880edaacdb998898b67c8f9da30,ibitinga,SP,14940
441,7299e27ed73d2ad986de7f7c77d919fa,araguari,MG,38440
442,72bc2cce903c872fe376a8faaa81d237,sao paulo,SP,4693
443,72c38a04bd6a1c3dbc5298425a0db86d,cascavel,PR,85804
444,72c73be2b085b9d57650dd53eb2004c9,sao paulo,SP,2116
445,7315baebc0572ff220d226283dc66728,sao carlos,SP,13560
446,731ef20c231d9a7103a425e83fd91271,lages - sc,SC,88501
447,739c7d7be81f63812dea0d1b1451c651,campina grande,PB,58400
448,73a63f72308aa20a46f4b1632018f196,curitiba,PR,82510
449,741f8c587cb4248ebc5b779a0e8e0e51,santo andre,SP,9110
450,744dac408745240a2c2528fb1b6028f3,colombo,PR,83408
451,7494d0dcba8551df6cf37f1b905dc2f7,santos,SP,11013
452,74bafed391319577bce6f4d2acc0589a,sao paulo,SP,1311
453,751bdc4d83a466c7206cd42e8f426b03,ribeirao pires,SP,9405
454,75745ef7bc7d4f3ea3380f6f5303f514,brasilia,DF,70384
455,75a4764c108403a7a0575140cb22287c,caxias do sul,RS,95072
456,75fdd0a732287f9497b179f6bd445d32,maua,SP,9350
457,762ed976527cddf02787edba70fffa2a,londrina,PR,86026
458,76833248bbc0e65a0293ec62023e4396,birigui,SP,16200
459,768a86e36ad6aae3d03ee3c6433d61df,sao paulo,SP,1529
460,768de2a4fc06aacecb9a586ccc30746a,brasilia,DF,70645
461,76d64c4aca3a7baf218bf93ef7fa768d,curitiba,PR,80215
462,76ea5315acb3f5f7ade3cd261faf922a,sao paulo,SP,4213
463,7722b1df1b0e383e000397b2c11e3e19,sao bernardo do campo,SP,9715
464,781a66c0d89e30814d49fe8b5e14cd07,campinas,SP,13064
465,782f78b632a43875dd5b53e3e49c9564,campinas,SP,13030
466,784ba75dd9d20200c4caed3d7a77141a,sao paulo,SP,1040
467,78813699ffac347fe27dba345a5f1551,bento goncalves,RS,95711
468,7901646fdd36a55f564ffaf2dbccaaf7,rio de janeiro,RJ,20021
469,791cfcfe22fe4a771ece27f90017da92,ribeirao preto,SP,14010
470,7994081388d55b9cf976c050653dd359,sao paulo,SP,1244
471,7994b065a7ffb14e71c6312cf87b9de2,cariacica / es,ES,29142
472,79b93a308a97792cf53ac75f46da00b5,rio de janeiro,RJ,22420
473,79ebd9a61bac3eaf882805ed4ecfa12a,cascavel,PR,85802
474,7aa4334be125fcdd2ba64b3180029f14,laranjal paulista,SP,18500
475,7ade73f1b9b4e965f9009a4c3a7e2c15,bauru,SP,17051
476,7b07b3c7487f0ea825fc6df75abd658b,sao paulo,SP,2016
477,7b1222c3624aa89b9558b50a2594188c,sao jose do rio preto,SP,15041
478,7b8e8ec35bad4b0ef7e3963650b0a87b,tubarao,SC,88705
479,7b98de631987e26dd6d803490c43a13c,loanda,PR,87900
480,7c1fea10b5b006671d608b1d7c446ec4,boituva,SP,18550
481,7c4adcc13272c0e26fa23aac642adb7b,sao goncalo,RJ,24725
482,7c5b05cbdb5542049f38d90d7815b97d,sao paulo,SP,5201
483,7c9130f5f3729edd32aa059141d92484,garca,SP,17400
484,7cf4ea70955b00d6b3c22542598e2715,sao paulo,SP,1125
485,7d13fca15225358621be4086e1eb0964,ribeirao preto,SP,14050
486,7d294cf9a6a69dc6a0c3e540fff0e039,barra velha,SC,88390
487,7d7866a99a8656a42c7ff6352a433410,sao paulo,SP,1320
488,7dc9a3355bae96dd82008b313d3a456c,dores de campos,MG,36213
489,7e93a43ef30c4f03f38b393420bc753a,barueri,SP,6429
490,7e959205cebc10adefcb331f934238a4,sao paulo,SP,1223
491,7ea5bfa6c340f58f8e71fc1f0412b0d6,belo horizonte,MG,30180
492,7ecef8194babfec876ca720714327841,campinas,SP,13041
493,7f02656561b680def9986c0795a8a080,sao paulo,SP,1417
494,7f40d06aa0b5f1aa4f41af8c0480e2ef,rio claro,SP,13506
495,7fdb0720c8d7c9075538b365dc8c3a22,toledo,PR,85904
496,800214c63934acd05d47e84214db8ba8,jaragua do sul,SC,89251
497,80cfd480be3eb6d6267139f5cb793555,sao paulo,SP,8223
498,80f2cf9abf6b5a0e5c612b5eea6646e6,sao jose do rio preto,SP,15046
499,8132b9bd16876e1b0f8808d43825dd48,florianopolis,SC,88058
500,817245bcc3badd82bbd222e0366951a6,bauru,SP,17056
501,822b63912576852aea9a8436d72317b7,mogi guacu,SP,13840
502,82e0a475a88cc9595229d8029273f045,sao paulo,SP,3417
503,830379336fad8c6f3b15a4a3ddb5c66e,sao paulo,SP,2518
504,83353a83fd769dfafa4f21a72b15e3e5,sao paulo,SP,5786
505,83b08de96980757220871b31bf6cffca,rio de janeiro,RJ,21820
506,83c465a786b06574376909b35ef6752a,sao carlos,SP,13560
507,83d458c0d6d4f94295d63f091460bd60,vila velha,SP,29101
508,83d7070a0b9a8b4625fa8682b819fabb,cotia,SP,6717
509,83deb69e889cf80f82be1dc6d5f2d486,florianopolis,SC,88056
510,83f2b4881141ce3fcd4e985125d3279e,ribeirao preto,SP,14055
511,8444e55c1f13cd5c179851e5ca5ebd00,congonhal,MG,37584
512,845e8036c3f7bf62099352f5ed910240,rio de janeiro,RJ,21041
513,8476243f92442881ddd5b578975cf115,campo bom,RS,93700
514,84c945f15571830c1a91a33978e94009,sao paulo,SP,2851
515,8501d82f68d23148b6d78bb7c4a42037,blumenau,SC,89031
516,8602a61d680a10a82cceeeda0d99ea3d,sao paulo,SP,1001
517,8603f0038fe0e52fedd3382d266723de,garopaba,SC,88495
518,87142160b41353c4e5fca2360caf6f92,porto alegre,RS,90230
519,8759e7aedd644f487315e5860962f162,santo andre,SP,9251
520,87b4428a334b8f676fd9a7f3bf544fb5,guaimbe,SP,16480
521,87d30a6a0cbf89356e49324971ab1d24,sao paulo,SP,2036
522,87d3c3aeb3ead335511b3ce315eb341e,sao paulo,SP,3059
523,87d73636a3acf123e842bb890a4db036,nhandeara,SP,15190
524,889009a0ed0bb52c87819941192931b8,lencois paulista,SP,18682
525,88af55b4a7ca402b27df16f7c7c9b5d2,taboao da serra,SP,6775
526,89c127985a8b130cfa45c1d36764017a,osasco,SP,6016
527,89d9a386b0b6e5fc8403071b03f7206a,sao paulo,SP,3103
528,89de2d6f23e9746ff309705b23581faa,londrina,PR,86060
529,8a1ff5c35f6595a73fef4c7b96e4908a,sao  jose dos pinhais,PR,83091
530,8a207b6080964f3c1fc9d35bd6096ba4,jaci,SP,15155
531,8a2d12a90e92f012ce5226fc6592b653,curitiba,PR,81210
532,8a432f4e5b471f8da497d7dc517666e2,presidente prudente,SP,19042
533,8a87611c08849ffeeccab52aa798b6c7,curitiba,PR,82940
534,8a8835a43bda99fd37310ad76c457510,sao caetano do sul,SP,9540
535,8a9260f2b0340411d6d2a56bcf4f7378,contagem,MG,32180
536,8b181ee5518df84f18f4e1a43fe07923,goioere,SP,87360
537,8b2492b7ff4468839593fafeed55bad9,sao goncalo,RJ,24451
538,8b321bb669392f5163d04c59e235e066,sao paulo,SP,1212
539,8b9d6eec4a7eb7d0f9d579ce0b38324d,mesquita,RJ,26562
540,8bb48dc19fccaa8613b6229bf7f452a2,assis,SP,19803
541,8bd0e3abda539b9479c4b44a691be1ec,tres de maio,RS,98910
542,8bd0f31cf0a614c658f6763bd02dea69,sao paulo,SP,1222
543,8c3b533c63cca56240f94f1e3a6b18ef,belo horizonte,MG,31050
544,8c91bfea4263b8fba54081460693e2a1,horizontina,RS,98920
545,8ca5b19e0263150d2c57afdde2b3d011,maua,SP,9336
546,8cb7c5ddf41f4d506eba76e9a4702a25,anapolis,GO,75110
547,8ccf3cf69651cc1d8a02c8bfaf3b8568,rio claro,SP,13504
548,8d956fec2e4337affcb520f56fd8cbfd,sao bernardo do campo,SP,9780
549,8daab2245ebdc277c51098d01c5ad8ef,sao paulo,SP,8411
550,8e34331b7eedd03be4e5d965c1956225,sao paulo,SP,4009
551,8e6d7754bc7e0f22c96d255ebda59eba,sao jose dos campos,SP,12233
552,8ec76bb0965af3f007692b26fa9d6623,criciuma,SC,88804
553,8ed8ea9a57c862f2c18c2fe41f601d56,blumenau,SC,89030
554,8f2b51a30523cdecddc2f179f351c7d6,sao paulo,SP,4833
555,8fd3b4468f6425810648177996c14cbd,sao jose do rio preto,SP,15015
556,8ff1a9df749e454105c55cda13e79143,marilia,SP,17509
557,916748bc99315c2d202898ae58b1617e,sorocaba,SP,18040
558,918717417d88a9f9ae9735567e6c7682,sao paulo,SP,5547
559,9200e6ce317b67196b6b0bad4d4bd567,rio de janeiro,RJ,20771
560,92c8bc6e8f925792247656fed09aad65,sao paulo,SP,3384
561,92d14edfb62ee5ae7fdff70b0f4e7233,sao bernardo do campo,SP,9810
562,933446e9a59dece7ae9175103820ca8f,curitiba,PR,81730
563,934ed5cd1b9c1c7382d0a94a94b9e639,curitiba,PR,81070
564,93b9a99027bd8bd6af682aff18dd19bf,mairipora,SP,7600
565,94165aea8a35c3c21499cbcae239b16c,uberlandia,MG,38412
566,94231344608e603693b0a8891143f65d,porto alegre,SP,91520
567,94d76e96eedd976258cd3278ce56d5f2,sao roque,SP,18132
568,9523fb39dd240aa958e040f8183d64f3,sao paulo,SP,1541
569,955fee9216a65b617aa5c0531780ce60,sao paulo,SP,4782
570,9591fc341b1bfb7ef561e2968ec6e011,sao paulo,SP,4456
571,95ec4458365c4d11f452ccf538377619,limeira,SP,13481
572,95f83f51203c626648c875dd41874c7f,borda da mata,MG,37564
573,96493fab2fbb13a14d0c0e8772eef5c3,sao paulo,SP,5537
574,964ff64dc05b13811c6d0f41e0aa5f6b,sao paulo,SP,4154
575,966cb4760537b1404caedd472cc610a5,diadema,SP,9920
576,9674754b5a0cb32b638cec001178f799,sao paulo,SP,4438
577,96e5dc09087bad639b4ee193104ec2e5,bom jardim,RJ,28660
578,972d0f9cf61b499a4812cf0bfa3ad3c4,brusque,SC,88359
579,979e9f8b5b39dd243a2550c8b05aecf0,sao paulo,SP,4160
580,97e4a63591ca439a2b8b7efd20e6e19e,rio de janeiro,RJ,20520
581,97e50a621f8e801f4baf69e08687c192,sao paulo,SP,4209
582,98f52e1020fe788c10c0418de4393fec,macae,RJ,27963
583,99002261c568a84cce14d43fcffb43ea,cuiaba,MT,78095
584,9996ae921c50e8dff411ac69c0b4bb8b,tupa,SP,17605
585,99cd94252748d2bdde08e17858233602,sao paulo,SP,12401
586,99eaacc9e6046db1c82b163c5f84869f,franca,SP,14400
587,9a03a4e9eb0b947652fae4f6121a3f5e,catanduva,SP,15805
588,9aa388272ee334b6ae07bc73706e254a,muriae,MG,36886
589,9ac75591b69c3402684b6ce0310f22ee,sao paulo,SP,2880
590,9b013e03b2ab786505a1d3b5c0756754,vicente de carvalho,SP,11450
591,9b76ad3d04236f76bc71c59470305e13,boituva,SP,18550
592,9c0e69c7bf2619675bbadf47b43f655a,sao jose dos campos,SP,12230
593,9c1c0c36cd23c20897e473901a8fb149,praia grande,SP,11702
594,9c4d31c7e46ab03a43fc06e3142afd4e,rio de janeiro,RJ,20785
595,9c690ceacd5c66731bf443ea810195cb,camanducaia,MG,37650
596,9d213f303afae4983637247556438ede,ibitinga,SP,14940
597,9d39404483343dd55c7ae254494d8388,sao paulo,SP,1044
598,9d681c7e12db302cb261e721040dde65,curitiba,PR,80330
599,9d69ba0a7a626a64dc5db08e529559cf,ribeirao preto,SP,14075
600,9da1ca0bef29ee170e541927a5aeabdc,votuporanga,SP,15500
601,9dc79dd988ac42f4d56c340d7048420a,sao paulo,SP,3569
602,9dd459b29a14bf89d47183cf2cd0e4c7,sao paulo,SP,4716
603,9dd59e43f0c9f0553244e8f9c2fb247e,foz do iguacu,PR,85851
604,9e17b9d64683aebcbb9ee362d06463b4,ribeirao preto,SP,14020
605,9e6229250fedbe05838fef417b74e7fb,mirandopolis,SP,16800
606,9e7c5f4d7770eab65738cca38f9efccf,sao paulo,SP,2562
607,9ed65337433adfbedefd23dd76eaa494,sao paulo,SP,5462
608,9f505651f4a6abe901a56cdc21508025,sao paulo,SP,4102
609,a0415d9b25ede3c4b1e477e9916ffc03,nova iguacu,RJ,26255
610,a0e19590a0923cdd0614ea9427713ced,sao jose dos pinhais,PR,83075
611,a11a0e0ca67423425691db355cff69b0,indaiatuba,SP,13330
612,a13580f0e8f782b7a543885a0ef99f08,rio de janeiro,RJ,22790
613,a13aaf2d2886ab9fb30fb9a920160b8f,joinville,SC,89207
614,a150c540f572d0fb53992264bc5c10b5,sorocaba,SP,18035
615,a17f621c590ea0fab3d5d883e1630ec6,sorocaba,SP,18055
616,a21c11ec5c3f03e7cc9f9203bff9e1c6,santana de parnaiba,SP,6513
617,a254c682cc01e119f83530446f1df9a9,cafelandia,SP,16500
618,a2fa0bdc798ee84cdb08281337cf4fb6,florianopolis,SC,88063
619,a369d693961cb93b61ca2cc518872a85,sao jose do rio preto,SP,15081
620,a3a38f4affed601eb87a97788c949667,joinville,SC,89204
621,a3e9a2c700480d9bb01fba070ba80a0e,ibitinga,SP,14940
622,a3fa18b3f688ec0fca3eb8bfcbd2d5b3,são paulo,SP,4557
623,a416b6a846a11724393025641d4edd5e,sao paulo,SP,3702
624,a420f60ff1aa9acc80d0e42959f2b313,sao paulo,SP,5138
625,a435b009cd956ea60748b5cfbddf2e24,franca,SP,14406
626,a4bd6e9adf39b63f43dc545d3ca1f53d,rio de janeiro,RJ,21020
627,a4e634166243bbb3a13fa584463fa468,osasco,SP,6286
628,a513150f33f99a06569e9cd5c4bb889b,sao paulo,SP,1545
629,a5bff0f43eb51f0cad7c37fac7244c8a,sao paulo,SP,4827
630,a63bfbaa882c8f4542891b4e2246cc7f,niteroi,RJ,24355
631,a64e44665225d19dfc0277eeeaaccc57,sao paulo,SP,19400
632,a663d9c3797e90eac99ff60939416a56,sao paulo,SP,3951
633,a67780aba9dd436e7ac0aa1f889e73ec,presidente prudente,SP,19027
634,a6bd7d1ccdac48c6b33b28596b7eb122,mamanguape,PB,58280
635,a7a9b880c49781da66651ccf4ba9ac38,itirapina,SP,13530
636,a7b7354cc588f7566a848bcbb1ce3d96,sao paulo,SP,1215
637,a7c53f6b3b61adbdaa99dda97e8cbd56,barretos,SP,14780
638,a7c88262832dfc683781d6a421edefae,mogi das cruzes,SP,8710
639,a7dc4098e4da6e41b426269d12ae7e91,sao paulo,SP,4386
640,a81466620e46a6970b22ef40379fdfc9,sao ludgero,SC,88730
641,a90a5da8b09e44264a177c0374a5ac87,ponta grossa,PR,84010
642,a9415cf907dfa12f9ed18693244f5329,prados,MG,36320
643,aa8af66c623d7d544dfe4bb85b5ebe3b,betim,MG,32672
644,aadfe0417e61315688b6bd7043361e25,goiania,GO,74340
645,aaed1309374718fdd995ee4c58c9dfcd,timbo,SC,89120
646,ab75b89cc49c9ab3160d0c91565a442a,tupa,SP,17604
647,aba1721a889e04decc910aa13b768ef4,sao paulo,SP,5729
648,abe42c5d03695b4257b5c6cbf4e6784e,rio de janeiro,RJ,21235
649,ac1ed5fc15901fbc92920361eb4ab350,sao paulo,SP,3334
650,ac51cac5e20d69ff485a54746488ef48,ribeirao preto,SP,14096
651,ac9b01377919cdbd2a1bbb8d5837c70b,mogi das cruzes,SP,8773
652,ace601496e211a664100321f038f50af,sao paulo,SP,2372
653,aced59e9b31ef866a94f9e7f29d8d418,sao paulo,SP,3306
654,acf974e4d5950ad143a247471b831eb9,caxias do sul,RS,95059
655,ad420dd0c4f92f8af951ac24b86d0cf5,fronteira,MG,38230
656,ad75519a07f039025e83795a4418470f,santa terezinha de goias,GO,76500
657,ad87df7699e83b8a91822a4a0b765c3a,jaguariuna,SP,13820
658,ad97a199236354e53fcd91a5a913e9a2,brusque,SC,88350
659,adcf50477d6a1f5d91bb9d54c4903cb5,claudio,MG,35530
660,ae8bfdbf1c2a2a2dee92d799db0a31c6,toledo,PR,85900
661,aec99834ab5d38ead22766ada8497e87,colombo,PR,83411
662,b00af24704019bd2e1b335e70ad11f7c,salvador,BA,40130
663,b026643914f651e8371425e5b8a1e780,rio de janeiro,RJ,22783
664,b0b346d3a89f5eb4c2968af3f083cd43,campinas,SP,13105
665,b14db04aa7881970e83ffa9426897925,sorocaba,SP,18048
666,b18dc380845b24038cfc48006478f099,diadema,SP,9951
667,b1b3948701c5c72445495bd161b83a4c,sao paulo,SP,3390
668,b1fecf4da1fa2689bccffa0121953643,campo grande,MS,79107
669,b2479f944e1b90cf8a5de1bbfde284d6,ibitinga,SP,14940
670,b2a6d334e2833acea353624840e25a0e,sao paulo,SP,4133
671,b32be1695eb7ec5f10f72d9610a12527,caxias do sul,RS,95012
672,b33aaadd1a8891d2dfef0c4c3bdf0371,limeira,SP,13481
673,b452cb0ae35044c4a53179c39f49fb06,sorocaba,SP,18047
674,b4a476fbd28de64b1e347abf9089366a,itapevi,SP,6653
675,b4f8921fcc4ff77b66bea6dda43dcd51,caxias do sul,RS,95034
676,b56906f7fd1696e043f1bcce164c487b,echapora,SP,19830
677,b5bb2b985208834bd5bd86c7a402bbad,venancio aires,RS,95800
678,b5d034ac251546e25afe9067f05c1539,itapecerica da serra,SP,6852
679,b6d44737c043328708f6749c2dbe50bd,santo andre,SP,9230
680,b6dc74ed30f124f95227bed4e43a3bed,arapongas,PR,86702
681,b6e1504972665f739dec4facb9943775,piracicaba,SP,13405
682,b6f52e346160519c24a23af05410ad32,sao paulo,SP,1254
683,b76f4d90e85657a240495c876313adc5,hortolandia,SP,13185
684,b7ba853e9551f4558440881fd3e5c815,santo antonio da patrulha,RS,95500
685,b7d5b4b87af9d42b601865d3f3810bff,florianopolis,SC,88020
686,b7e1750c1157341d2abd0251e07c186b,sao paulo,SP,5741
687,b8114f2f589a6804810f04f99b36b498,sao bernardo do campo,SP,9633
688,b8555308bfdb4ca1ed54325a58da9a97,sao bernardo do campo,SP,9751
689,b8578d2d823bd8e251f6fdd02b40902d,blumenau,SC,89069
690,b86a47b3366e3b5424a7b225781f4908,passos,MG,37900
691,b87a7ea0c30fad2dd6781b74a0064859,sao paulo,SP,4133
692,b90e891671cffd9557f33a97dc523645,sao jose dos pinhais,PR,83010
693,b92e3c8f9738272ff7c59e111e108d7c,uba,MG,36502
694,b94cc9f10ddc85e4ba73a6f7974e7101,macae,RJ,27930
695,b9a03475e6447e631b6799ec8274800f,formosa do oeste,PR,85830
696,ba5daa4041e1f15cdf34b76e3e18a450,sao paulo,SP,4363
697,ba6b4a237f92479743cf0ca06b67a9ac,rio de janeiro,RJ,23550
698,ba6b68b55fe8704377a7d43c8e5c0185,belo horizonte,MG,30130
699,ba90964cff9b9e0e6f32b23b82465f7b,guarulhos,SP,7140
700,bac692d6c0ed08467878018e6cc9c26c,blumenau,SC,89041
701,baf15155e37ef5492731459bdc05be8a,sao paulo,SP,5715
702,bb7a14e229b1c95156719c3d9552eeee,rio de janeiro,RJ,23095
703,bb7ad8a45c027be8ab075b8e465f8ca0,floranopolis,SC,88056
704,bba3293d6f5d5af2f415e004e8b93ae3,sao paulo,SP,4726
705,bc2ac6b95e1accce9858528ee566c17e,campinas,SP,13085
706,bc503e244f187939d10c92a5c8e378ce,birigui,SP,16200
707,bcd2d7510d58e293f20fad6438c1b314,curitiba,PR,81540
708,bd15ee794d5e640d9dd71b665b2ab15b,ribeirao preto,SP,14078
709,bd697db56ff8e7c9cd1abeb7f72029b2,sao paulo,SP,3533
710,be3b4b0f050a6aa1b2d901c4b77e979f,imbituva,PR,84430
711,bee36b4f9a2b9fdcaff6ec05df202ed0,sao paulo,SP,3308
712,bf00385a5f7fc1ef39a13c2e9ee50a5f,sao paulo,SP,1224
713,bf0045791395e66460eb04749c68672a,sao paulo,SP,4256
714,bf100ecb7997df312b285358fb32f92c,sao jose dos pinhais,PR,83070
715,bfd27a966d91cfaafdb25d076585f0da,serra negra,SP,13930
716,c0098efcf800861dcae589affca31408,ribeirao preto,SP,14080
717,c013e57c075a06e5b5c48ee03c525719,sao carlos,SP,13568
718,c03121937e54a93fcc1825c3098bbb6e,curitiba,PR,82800
719,c04d70d515d15a7e3db3a73320598566,niteroi,RJ,24020
720,c092292535a57dacd95a8765f5518f87,paracambi,RJ,26600
721,c0aff2da32c17759d30b22fb0af6649d,florianopolis,SC,88032
722,c0f3eea2e14555b6faeea3dd58c1b1c3,sao paulo,SP,4195
723,c0f783394e37cd9c9d7f5f81141450fa,piracicaba,SP,13416
724,c1552b1dab6e6f760950368ae61fb600,sao jose dos campos,SP,12215
725,c161d1327ebc3a156c09582ab2f59f6c,sao paulo,SP,3521
726,c1dde11f12d05c478f5de2d7319ad3b2,sao paulo,SP,1026
727,c1f12f926d0ba950578b4fa41115cbb6,sao paulo,SP,4317
728,c240c4061717ac1806ae6ee72be3533b,rio de janeiro,RJ,20920
729,c286ec035ee04ba81c97508f0b5df544,curitiba,PR,81320
730,c2bda99904207edd1834f03e0022b007,sao paulo,SP,8280
731,c2d70ce2c5d0a2eb75e78668236e6dc8,sao paulo,SP,4275
732,c353f8fc0ce8344999f17d578eb69a5e,porto alegre,RS,90850
733,c3aad7dc65449ae90a5e9c3c6c1e78e0,auriflama/sp,SP,15350
734,c3acdfac4e3e97ff87529454fbc03642,sao paulo,SP,5705
735,c3cfdc648177fdbbbb35635a37472c53,curitiba,PR,80610
736,c3ee2331a724e6fc02c4b698b57a73f3,sao paulo,SP,5108
737,c3f5668699a1b04c0fa61ecea1e2bff6,apucarana,PR,86808
738,c42fd8e4d47dfb18ce5222f2dd7752f9,osasco,SP,6246
739,c4f7fee5b0db50e87766f5a4d1b1b758,sorocaba,SP,18085
740,c4fabeea6e569d42d02993bb1f4f1cbc,fortaleza,CE,60741
741,c54679b132454625907c773d273d4126,guaruja,SP,11443
742,c5ebe6598748b0aeaa61cfb820478b92,lajeado,RS,95910
743,c5f7e746b7e6d07def6c0dae9903279b,curitiba,PR,81350
744,c611f4ce9ce875bcc063fa97fd4d7d12,atibaia,SP,12944
745,c714262700f93defc16bf17a51a4cb23,sao paulo,SP,2751
746,c716e0b86ed568878475b60fbb6323ad,rio de janeiro,SP,22783
747,c7246702dc991a06d788120dc7544391,fortaleza,CE,60440
748,c731d18cea9bf687ffee82a241c25b11,concordia,SC,89701
749,c747d5b92c7648417faea95d36d763e8,pacatuba,CE,61800
750,c76d418370990614e89e956c7a7567d9,taboao da serra,SP,6787
751,c7bb64409aa480bb7d0335faaaf3d242,joinville,SC,89218
752,c7dcd301ecfe5ab7f778ac172cf74be7,belo horizonte,MG,30120
753,c84592044b180dec206770c38603814b,sao paulo,SP,1026
754,c85d7b477a709c85a1e8b8f25aa1b270,sao bernardo do campo,SP,9640
755,c8665a4dd081a2c436b1cd921079d0d9,pitangueiras,SP,14750
756,c8771b1a10bb99bb34d3c459c5cffb53,tocantins,SP,36512
757,c89cf7c468a48af70aada384e722f9e2,petropolis,RJ,25730
758,c8b0e2b0a7095e5d8219575d5e7e1181,itaquaquecetuba,SP,8598
759,c8c1bea22194a4eefa2dc9a9fa89f536,porto belo,SC,88210
760,c8cc60ffd415254af5d9b9f34f32c369,sorocaba,SP,18053
761,c8e135e7b21ecbc36c1153a29d2f5a06,sao paulo,SP,1411
762,ca3bd7cd9f149df75950150d010fe4a2,sao paulo,SP,4361
763,caa9bc43a9fe8cf9c564ddd8a03cc4a6,jacarei,SP,12308
764,cab85505710c7cb9b720bceb52b01cee,sao paulo,SP,2252
765,cac4e0bc1a3269fa2b6ea5e763f6115b,brusque,SC,88351
766,cad9969167c09b48ae6f1d123f7fa68d,pocos de caldas,MG,37706
767,cb8bcce248bb1fb274ba762d8b971456,santa rita do sapucai,MG,37540
768,cb9fb4ca75d7ba8437480e8dde64fe98,sao paulo,SP,3551
769,cbbd5ae8f53de5f5097cd8217b529e24,santana de parnaiba,SP,6544
770,cbd996ad3c1b7dc71fd0e5f5df9087e2,sao jose do rio preto,SP,15081
771,cbf09e831b0c11f6f23ffb51004db972,sbc/sp,SP,9726
772,cc1f04647be106ba74e62b21f358af25,sao paulo,SP,2739
773,cc80e2f693fa6e2408f47ccf62413fc1,curitiba,PR,81050
774,ccada0ef508e698917a6eab263375905,pato bragado,PR,85948
775,ccc4bbb5f32a6ab2b7066a4130f114e3,curitiba,PR,80310
776,ccf8813e5a7d6c84d865cd38bfc2b130,taubate,SP,12080
777,cd2169d9f31ff6fbb9ca3373b0c9e354,nova friburgo,RJ,28633
778,cd68562d3f44870c08922d380acae552,ribeirao preto,SP,14050
779,cd843d4cf8ef32827de0396605163ba3,juiz de fora,MG,36071
780,cda598c48d7c614bc1cad7d8ff6f0010,mirassol,SP,15137
781,ce33c6211beaa8fef4cae8b52db39862,suzano,SP,8655
782,ce3ad9de960102d0677a81f5d0bb7b2d,rio de janeiro,RJ,20031
783,cea729054f157f5870bdd321a958d994,sao paulo,SP,3161
784,ceaec5548eefc6e23e6607c5435102e7,sao paulo,SP,3821
785,ceb7b4fb9401cd378de7886317ad1b47,04482255,RJ,22790
786,cf8ab1616079e2793aa29d524df01bb1,sao paulo,SP,4088
787,cfb1a033743668a192316f3c6d1d2671,votorantim,SP,18110
788,d06d019f72a04e5497a0b64190af170c,cotia,SP,6703
789,d180e07dc1e58c31c3f0cd599dc4d945,belo horizonte,MG,30620
790,d1a1b40ec554c593a1a99366746289dd,pato branco,PR,85501
791,d1b65fc7debc3361ea86b5f14c68d2e2,mogi guacu,SP,13844
792,d1c7fa84e48cfa21a0e595167c1c500e,jacutinga,RS,99730
793,d1ef48b38baca7e831711c4a0aeb398f,apucarana,PR,86800
794,d2572f31e9023e9850ef986a636ff9bf,belo horizonte,MG,30640
795,d26aa40b90272d4843d63be7c1462c8d,sao paulo,SP,3065
796,d2e753bb80b7d4faa77483ed00edc8ca,porto seguro,BA,45810
797,d2f3e277560ed4c6361284429b00f037,atibaia,SP,12942
798,d354c38a7182125a748cb10474fe963b,aperibe,RJ,28495
799,d3674f271c91f824f82d24d92011f669,brasilia,DF,72233
800,d379f449f2a3b271bc01c0782020f705,divinopolis,MG,35500
801,d3dcf0604eabf0224fbd5948b5e02f69,sao paulo,SP,3654
802,d3e7d37c0df9aef383f3f2a15b0dddfb,sao jose dos pinhais,PR,83050
803,d3f39f05462b79a4562d35893a28f159,mococa,SP,13730
804,d4910f1cdcfdabd48d6b316e395d4a23,santo andre,SP,9190
805,d4a5e99e0dd915df64ba55a7fbd583fd,sao paulo,SP,5041
806,d4ffeb15b67e81ff9af2b4252d99fb7e,atibaia,SP,12943
807,d52cbce9845184537284a23c3bc3da0e,garopaba,SC,88495
808,d57e18d5f73c7ccb7f7339b61166898d,sao paulo,SP,3613
809,d594982fd877af63ace38ea1fca27c76,sao paulo,SP,1031
810,d598f929fc44e1e38678e7f47250ec04,formosa,GO,73801
811,d5b9a084373da994a6e37f732169a853,santo andre,SP,9182
812,d650b663c3b5f6fb392b6326366efa9a,cotia,SP,6713
813,d673a59aac7a70d8b01e6902bf090a11,ibitinga,SP,14940
814,d6b1ce66b035a475f00c017792ff9769,salto,SP,13327
815,d6b664fa0667064c6d76394e7848d790,araraquara,SP,14801
816,d6cd01c59123df02fc226eadbadb5f89,sao paulo,SP,1207
817,d71d863e5ef30d94e440c11be17dcd8f,osasco,SP,6144
818,d73cbd89533ce8b041a9190241453ac8,guiricema,MG,36525
819,d7485b33791774c36108f8c69602d48d,curitiba,PR,81020
820,d7ab82074b5f1dfba46db123df101bff,atibaia,SP,12941
821,d85efbc8eff2b7adf524e2820569adc8,sao paulo,SP,5268
822,d8d9567d0bfb0bc7eb845a205ba42657,sao paulo,SP,3688
823,d90fe2229fee1a5da999ccd0c06c1667,sao paulo,SP,3416
824,d93919c944be9cff128f6c9cb899eacb,mombuca,SP,13375
825,d93b8458c6fe139d85cfa5eadbf55bd2,sao paulo,SP,2238
826,d97df38225e5abadaff1e72cb72b823c,sao caetano do sul,SP,9560
827,d98eec89afa3380e14463da2aabaea72,porto alegre,RS,90010
828,d9a84e1403de8da0c3aa531d6d108ba6,sao paulo,SP,3562
829,d9b00a97818674c7f8d8b1ef0e689679,ponta grossa,PR,84035
830,d9d43faf741ceaa8da52fdbb81d9e0e3,juiz de fora,SP,36010
831,da03c298e3999e9d828591fc2179d109,sao paulo,SP,4041
832,da3fede3469bf49b7293ce3fc45b294d,mogi das cruzes,SP,8743
833,dadc51ef321949ec9a3ab25cd902e23d,sao paulo,SP,4821
834,db4350fd57ae30082dec7acbaacc17f9,sao paulo,SP,3126
835,db46ca7bce82b11f7e247539271fc390,rio de janeiro,RJ,23080
836,db7ed69a53aa9fb1c01930ba54a88bbe,jaguariuna,SP,13820
837,dc120d932ddf9d4dfb6fd68beefda622,sao jose dos pinhais,PR,83010
838,dc50afafdfa325eadc890c7fa42a8f4e,maringa,PR,87050
839,dc64d75cc406bb0697be983831430e60,belo horizonte,MG,31560
840,dcb7367a92f5ffb89f1e2152ed260285,osvaldo cruz,SP,17700
841,dd2bdf855a9172734fbc3744021ae9b9,belo horizonte,MG,31255
842,dd7ddc04e1b6c2c614352b383efe2d36,sao paulo,SP,3471
843,dd88d13bea9e4c2bf47daf224f8141e5,lajeado,RS,95900
844,dd8a29ce82d5c705ba932d81494600a5,sao paulo,SP,8220
845,dda37071807e404c5bb2a1590c66326f,sao paulo,SP,3282
846,ddd51ae8cda92f3995a51fc0f0f3eec7,rio de janeiro,RJ,23062
847,de09d00cfc265b8804c7df34075a68fa,sao paulo,SP,2118
848,dedcab67899479e4ea5dcc4eba47f587,jaragua do sul,SC,89258
849,dee656f0f566ed1aa85bd137c943f08f,cruzeiro,SP,12701
850,df47da4ae86fa4db890d05aaf24e21d8,sao paulo,SP,4360
851,dfa0c4c6229ab200a4a1336b4d7128ff,florianopolis,SC,88085
852,dff87e4de60c9736ce8df835951b09bc,sao paulo,SP,3172
853,e0487761face83d64fcada2408959a36,sao paulo,SP,1021
854,e067ad2c1c0b48758eb1b5228bcf7a68,santos,SP,11045
855,e1a210d482714ce337763a19aef94ba4,cascavel,PR,85807
856,e1b12447a7563944843191754aeb5562,guarulhos,SP,7145
857,e1c76f339ebd5460999f25a2aa8c92c5,sao paulo,SP,3029
858,e24d3429d294b2eb200b064ebb035879,sao paulo,SP,3514
859,e250d617a0ad591ba9bd663e584a895d,guarulhos,SP,7084
860,e38db885400cd35c71dfd162f2c1dbcf,brasilia,DF,70740
861,e3e15e2c0b9700561efac21c6be48066,sao paulo,SP,5315
862,e3e290b38963293022cdcd6db8328103,sao paulo,SP,1403
863,e45edf75f568ed2f93f78d060e246e25,rio de janeiro,RJ,22790
864,e46bc031f2c5bae4ccb40bb90712e9b4,sao paulo,SP,5174
865,e49c26c3edfa46d227d5121a6b6e4d37,brejao,PE,55325
866,e4ebd3f87bf70440014f07ddda7fbe03,presidente epitacio,SP,19470
867,e4f121bf6ef8b9a1d4d3e65dd0473fab,sao jose do rio preto,SP,15085
868,e503f22be6a4f456d9851920a5d9c670,sao paulo,SP,4508
869,e53d5b9b29d1218281f4a907ada18626,toledo,PR,85903
870,e546117ed9cafbc40239c0c78635c584,sao paulo,SP,4705
871,e5545d4d4473876ea78c5bcebca365c3,marilia,SP,17512
872,e5899683388855d3dabe8913bbe365de,sao carlos,SP,13575
873,e595809a6c31ec4314fd06ef198c244d,navegantes,SC,88370
874,e59aa562b9f8076dd550fcddf0e73491,curitiba,PR,82810
875,e59e575a175fadcadf8479e191770425,nova iguacu,RJ,26210
876,e5a3438891c0bfdb9394643f95273d8e,limeira,SP,13483
877,e5a38146df062edaf55c38afa99e42dc,sao paulo,SP,1233
878,e5bd51692380fd8cabb19b756b95e714,santo andre,SP,9220
879,e5f9e61ceb5f523cc966e0f34095032f,brusque,SC,88353
880,e63e8bfa530fb16910dd6956e592bb81,guarulhos,SP,7160
881,e644cbadf7eeb30d0d29f335ce7d52ec,sao paulo,SP,3029
882,e6ffc9ac6a7adc9d16a1cfc2286dd546,sao paulo,SP,2565
883,e7df4cd29ab5abab70fb0783ddb53987,sao paulo,SP,4122
884,e7f3bf1ecd8526eb7f3b18059e6716e5,ubatuba,SP,11680
885,e819bcfade7b5d88a27325eb6cfd62c5,guarulhos,SP,7242
886,e81e1f9c3e762e620f3fb60a51499e16,curitibanos,SC,89520
887,e84ad2127668df3aafc6b73531a0beb8,sao paulo,SP,4613
888,e88165a185134e13fdfc85d4fa654db8,ferraz de  vasconcelos,SP,8517
889,e8b4225284fbb02d16f200513f1f395d,novo horizonte,SP,14960
890,e8dba4d70f7f2b20e775d09cae01142d,santa barbara d oeste,SP,13456
891,e908c0f3646e8b60375734a350d95d71,sao paulo,SP,1226
892,e9779976487b77c6d4ac45f75ec7afe9,praia grande,SP,11701
893,e9874ae10b2d60d43917b6bbfa13a599,rolandia,PR,86604
894,e9bc59e7b60fc3063eb2290deda4cced,maringa,PR,87083
895,e9c2dc0dd4ac38448289be644ac94f42,joinville,SC,89210
896,e9e446d01bd10a97a8ffcfc4a3a20cb2,sao paulo,SP,2261
897,ea00f977a203ff88adf7057cb7806998,santos,SP,11085
898,ea6b12bf9ffe2bac34602ec631d97a47,guarulhos,SP,7093
899,ea846a0e7ad98a741783e886d89dfa44,aracatuba,SP,16072
900,ea8482cd71df3c1969d7b9473ff13abc,sao paulo,SP,4160
901,eaaa46e98c9e61f6764dd1d7a2ab8b3e,messias targino,RN,59775
902,eae9af4811c294c56795d70e715b7337,sao paulo,SP,3060
903,eb72802c83dc7547529c9546d1a9b8ef,rio claro,SP,13504
904,ebd1417732defaf66c50b5a800eb293e,londrina,PR,86047
905,ebef8d8c92b4fd3226e5d407bbff21ac,ribeirao preto,SP,14020
906,ec2e006556300a79a5a91e4876ab3a56,sao paulo,SP,3445
907,ec4608a1f76453166bb312b2968aeaf4,porto ferreira,SP,13660
908,ec80e49e69745ab6c14f984bf2149423,limeira,SP,13480
909,ececbfcff9804a2d6b40f589df8eef2b,franca,SP,14407
910,ed4311e67debd72b8610a5347a743087,guarulhos,SP,7170
911,ed4acab38528488b65a9a9c603ff024a,sao paulo,SP,8260
912,ed8cb7b190ceb6067227478e48cf8dde,santos,SP,11015
913,edc518ba25576a0188a0e8f2c3af186f,guarulhos,SP,7023
914,ede0c03645598cdfc63ca8237acbe73d,ribeirao preto,SP,14092
915,ee27a8f15b1dded4d213a468ba4eb391,goiania,GO,74210
916,eebb3372362aa9a46975164bed19a7e7,sao paulo,SP,4578
917,eec3469d83e142f9a104886655338c37,bauru,SP,17030
918,ef0ace09169ac090589d85746e3e036f,sao goncalo,RJ,24451
919,ef30892870c278497523264be1be2241,araraquara,SP,14801
920,ef506c96320abeedfb894c34db06f478,sao paulo,SP,3569
921,ef990a83bbea832f36ebe81376335aa8,joinville,SC,89214
922,f021c962aaba8ef6eb527a9c2c8394d1,itajai,SC,88301
923,f0837c8d71434931d9e38e7b79234797,arvorezinha,RS,95995
924,f09e26011d833ddab11593c1a097a92a,pirassununga,SP,13632
925,f0ec6a2adb05c62655a26dd347b8dede,sao paulo,SP,1303
926,f1198c871e0171278b63f40d112caeec,sao paulo,SP,1220
927,f12d3c2a14729ae461b920c11fe20fdc,santo andre,SP,9080
928,f12ff17ad8bbf01ec5c33b17e506649b,sao paulo,SP,3186
929,f18112da765e0971ca5d510dec322bdd,brusque,SC,88351
930,f19516b9ff26bfeb091b30108db4ddbd,artur nogueira,SP,13160
931,f1fd5ab1181f827ffad998c1a5de7d74,curitiba,PR,80010
932,f22a247b79dd22ecd91dc8e3b2a1b07c,itaquaquecetuba,SP,8573
933,f2336e113377dd21c744d9c4fc8293a9,sao paulo,SP,3659
934,f25e239052084705e17a982bc600ab2a,sao paulo,SP,1123
935,f3041c2e75ec683697a6a5ea82192210,itauna,MG,35680
936,f326006815956455b2859abd58fe7e39,fernandopolis,SP,15601
937,f356c348fbc8df6a882823e21f5ce8b7,canoas,RS,92025
938,f3862c2188522d89860c38a3ea8b550d,ribeirao preto,SP,14092
939,f3b80352b986ab4d1057a4b724be19d0,brasilia,DF,71200
940,f3da5b2ff499efb8d4a6d371d175d7dd,sao paulo,SP,2407
941,f410c8873029fcc3809b9df6d0b28914,caxias do sul,SP,95076
942,f45122a9ab94eb4f3f8953578bc0c560,piracicaba,SP,13419
943,f457c46070d02cadd8a68551231220dd,maringa,PR,87047
944,f46490624488d3ff7ce78613913a7711,guarulhos,SP,7194
945,f52c2422904463fdd7741f99045fecb6,santo andre/sao paulo,SP,9230
946,f5f1f2c5f923f36ad79ea1d07185ddc9,taruma,SP,19820
947,f5f2ab9bdb6b30c14c61be68c5ed37da,porto ferreira,SP,13660
948,f5fea3ffed6c2e889bab72705557c63a,rio de janeiro,RJ,21240
949,f6122bc84774df1b372bdb3bb88ddb9f,barueri,SP,6436
950,f61c63d13f7cd800549d5acdd390ae72,pilar do sul,SP,18185
951,f626e15b7314c267e4429010866f70e9,marechal candido rondon,SP,85960
952,f62d7bb4a613ec758a03342d46b580b2,vicosa,MG,36570
953,f650a9708fa1bab22bdd8d3a818cc415,ararangua,SC,88901
954,f664f98bfda2eaf266a23ff144e7a872,sao paulo,SP,4001
955,f680f85bee2d253556ac91be391d2c82,carapicuiba,SP,6365
956,f7496d659ca9fdaf323c0aae84176632,sao paulo,SP,4156
957,f76a3b1349b6df1ee875d1f3fa4340f0,sao paulo,SP,3275
958,f7ba60f8c3f99e7ee4042fdef03b70c4,sao bernardo do campo,SP,9628
959,f805b96fa705ba7995a221f1749dc141,maringa,PR,87013
960,f84a00e60c73a49e7e851c9bdca3a5bb,rio de janeiro,RJ,20756
961,f88adb15807168d3c43d71021090ce4a,porto ferreira,SP,13660
962,f8f35af4634605e6693c17cc3ffff5a8,campanha,MG,37400
963,f92d8c817434bd2d84d4e9c61322b7fa,sorocaba,SP,18048
964,f97e2b0650c2068227e1d366140eb62f,santo antonio de posse,SP,13830
965,f9903dd0f812c7e771fcad47b6fff231,blumenau,SC,89070
966,f9a02f1922d1de564392e656d82b3fda,ferraz de vasconcelos,SP,8502
967,f9bbdd976532d50b7816d285a22bd01e,sao paulo,SP,5319
968,f9ec7093df3a7b346b7bcf7864069ca3,sao paulo,SP,5138
969,f9eda05b67bef472deaddbba84aca289,orleans,SC,88870
970,f9f68daa2af419d38f745478bcb3da1a,sumare,SP,13180
971,fa1a9dec3a9940c072684a46728bf1fc,icara,SC,88820
972,fa1c13f2614d7b5c4749cbc52fecda94,sumare,SP,13170
973,fa40cc5b934574b62717c68f3d678b6d,sao paulo,SP,2310
974,fa5fdc4e4bb6bd1009ad0e4ac4096562,santo andre,SP,9111
975,fa7ad8ae9bcb2c4493fdf38e96b1d74f,pedreira,SP,13920
976,fa8d335d68129e464e60c1826a683e96,tres coroas,RS,95660
977,fac1a9017ade7bdc94058fc1c969f355,sao paulo,SP,1126
978,fac35d150712afb921ec59ac5f39bb11,bonfinopolis de minas,MG,38650
979,fadb07c842a2aef5d5a676b85f220e71,sao jose do rio preto,SP,15052
980,fb8904a8ea99f8831b64ce27db2c1765,sao caetano do sul,SP,9550
981,fbc14c0cf93505ef89f64665ffa4a7b5,serrana,SP,14150
982,fc0b214b59a83615fea981c6424a02ae,maua,SP,9380
983,fc38b5dceee1a730fad8853453437fbd,campinas,SP,13073
984,fc4751cfe3b279c419615b9b00c1abb4,londrina,PR,86047
985,fc59392d66ef99377e50356ee4f3b4e1,salvador,BA,40243
986,fcba71d4d5db057f43249145e4eb1e27,limeira,SP,13481
987,fce62094ffe6a4009188ec44e681dfdd,sao paulo,SP,4674
988,fde0cc9ea29c8ccfc0a2c22256a58c71,curitiba,PR,81650
989,fe19dce63ae80346207c6c55713d1023,uberaba,MG,38010
990,fe1bbc5feda5c8979a8a1b3b2512d5a6,arinos,MG,38680
991,fe2032dab1a61af8794248c8196565c9,campinas,SP,13030
992,fe4cd9461203cee790d36792420b310f,caratinga,MG,35300
993,fe8055980a4ff7f64ed889c2b5926929,curitiba,PR,81925
994,fe87f472055fbcf1d7e691c00b1560dc,campinas,SP,13085
995,febab0275244b9a49a623f0bd613ca2f,pedreira,SP,13920
996,ff314fa6033cc68ec451c47aee2d6ba4,sao paulo,SP,5424
997,ff4ea69c2a729e83e63c7579e4ef8170,guarulhos,SP,7071
998,ffc470761de7d0232558ba5e786e57b7,guarulhos,SP,7091
999,ffcfefa19b08742c5d315f2791395ee5,curitiba,PR,80045
1000,ffeee66ac5d5a62fe688b9d26f83f534,mirassol,SP,15130
