order_item_sk,order_id,order_item_id,customer_key,product_key,seller_key,order_date,order_status,price,freight_value,payment_value,payment_type,payment_installments_max,days_to_deliver,days_delivery_vs_estimate,is_late_delivery
1,00024acbcdf0a6daa1e931b038114c75,1,,,,,,12.99,12.79,,,,,,
2,000576fe39319847cbb9d288c5617fa6,1,,,333,,,810.00,70.75,,,,,,
3,0005f50442cb953dcd1d21e1fb923495,1,,,,,,53.99,11.40,,,,,,
4,00063b381e2406b52ad429470734ebd5,1,,,516,,,45.00,12.98,,,,,,
5,0006ec9db01a64e59a68b2c340bf65a7,1,,,,,,74.00,23.32,,,,,,
6,0009792311464db532ff765bf7b182ae,1,,,,,,99.90,27.65,,,,,,
7,001ac194d4a326a6fa99b581e9a3d963,1,,,998,,,54.00,8.54,,,,,,
8,0025c5d1a8ca53a240ec2634bb4492ea,1,,,569,,,390.00,29.39,,,,,,
9,002834535f7a609a5c68266f173fa59e,1,,,900,,,37.99,19.18,,,,,,
10,0028de0ca693a1bb26448916a81105cc,1,,,569,,,29.99,15.31,,,,,,
11,0029c5db35ef291ce99d1262012e7daa,1,,,,,,492.75,21.62,,,,,,
12,002f16b7bc4530031b7d90f791b12d8a,1,,,,2018-07-02,delivered,249.90,34.23,,,,4,-19,false
13,00310b0c75bb13015ec4d82d341865a4,1,,,,,,39.90,15.38,,,,,,
14,003423b755b562962a6225a8de40d12e,1,,,,,,232.75,28.58,,,,,,
15,00345f338696283410b7977d2e3efc89,1,,,300,2018-08-20,delivered,48.90,18.44,,,,10,-12,false
16,0036757472ece3dde52fd4bfd929c90e,1,,,,,,136.99,66.04,,,,,,
17,0039500db36d50d7d0bfaf23723550f3,1,,,735,,,169.90,33.33,,,,,,
18,003a7f59d7e08a9c61d9e2881fe6459c,1,,,,,,119.00,15.28,,,,,,
19,003a94f778ef8cfd50247c8c1b582257,1,,,,,,39.90,18.08,,,,,,
20,003cc6161d7a2593f2525cce0c330d32,1,,,,,,85.00,12.90,,,,,,
21,003d9fc84ad902adf2265248b5ffe1a4,1,,,,,,66.99,27.75,,,,,,
22,003edccf16bc5ec447f592913b3df2b4,1,,,920,,,14.00,50.85,,,,,,
23,004345d16a1ab2c21962992c721c8643,1,,,,,,37.90,15.37,,,,,,
24,004b62108b876867938746ad3154167f,1,,,,,,110.32,8.03,,,,,,
25,00526a9d4ebde463baee25f386963ddc,1,,,,,,33.89,8.40,,,,,,
26,00526a9d4ebde463baee25f386963ddc,2,,,,,,33.89,8.40,,,,,,
27,00526a9d4ebde463baee25f386963ddc,3,,,,,,33.89,8.40,,,,,,
28,00526a9d4ebde463baee25f386963ddc,4,,,,,,33.89,8.40,,,,,,
29,00611822267e76e0055c25c18506f06e,1,,,,,,159.90,20.31,,,,,,
30,0068fb0e223115e911d362627e8b8800,1,,,,2018-07-18,delivered,77.90,13.89,,,,7,-21,false
31,006c42f310102c1910b3c5793ce5fc34,1,,,,,,229.99,20.80,,,,,,
32,006df90050498994d670b40da4651d22,1,,,783,,,14.00,7.39,,,,,,
33,008819c6d5f6da6fa5cd9d50ca927cf4,1,,,378,2018-08-04,delivered,55.00,7.65,,,,3,-2,false
34,008cfe221ab054c89bc31720098cca51,1,,,,,,109.99,36.85,,,,,,
35,008f831b7185cff7ab35a46c37d64cd2,1,,,85,,,249.00,37.09,,,,,,
36,0091a677651feaf5a08d7bb147681e14,1,,,378,,,38.00,7.53,,,,,,
37,0096668e5b0b8e9657a6f7209a4e58b4,1,,,,,,166.90,13.47,,,,,,
38,0097aafe2a01dd54e39888976160c377,1,,,,,,62.00,8.59,,,,,,
39,00995d799817ecc3bd2abd8fbe59c430,1,,,,2018-07-26,delivered,49.90,12.92,,,,7,-6,false
40,00a1e977cf6e672402963940db55d919,1,,,,,,24.89,7.75,,,,,,
41,00a379dfab816a83741012b71b264098,1,,,,,,15.99,7.39,,,,,,
42,00a57dfbb049fbaae10763e2cf15f797,1,,,,,,89.90,22.56,,,,,,
43,00a57dfbb049fbaae10763e2cf15f797,2,,,,,,89.90,22.56,,,,,,
44,00a57dfbb049fbaae10763e2cf15f797,3,,,,,,89.90,22.56,,,,,,
45,00a99c50fdff7e36262caba33821875a,1,,,,,,52.99,22.30,,,,,,
46,00ab3a43bda739029ffce95d3b2fb56c,1,,,237,,,27.90,7.46,,,,,,
47,00ad1a02d4d9decad15c7e8f8a9470cc,1,,,378,,,49.00,19.25,,,,,,
48,00b12f4674177ef40c4bdb034138c843,1,,,,,,105.00,17.87,,,,,,
49,00b1861aeb89afa498404c684148a619,1,,,,,,25.79,23.33,,,,,,
50,00b1861aeb89afa498404c684148a619,2,,,,,,25.79,23.33,,,,,,
51,00b2d2f2b5f7b98e6b1828764660134e,1,,,485,,,146.01,13.68,,,,,,
52,00b44ba3d7c4a5e9a9ebafef9150781d,1,,,117,,,59.90,7.68,,,,,,
53,00b4c651133c06fb175123a492f1cac3,1,,,396,,,158.90,14.59,,,,,,
54,00b6e66f005a657a6b13eedcacdf9342,1,,,311,,,199.00,39.66,,,,,,
55,00b6e66f005a657a6b13eedcacdf9342,2,,,311,,,199.00,39.66,,,,,,
56,00ba57ae98928df6ba6ec9d3d8d4b1b7,1,,,,,,130.00,19.01,,,,,,
57,00c47cfa491ef55779ec7557673087fc,1,,,,,,59.00,13.07,,,,,,
58,00cee8a4dbb042385cbbd84699e78b2e,1,,,,,,59.90,9.17,,,,,,
59,00d0ff2017f9ea13dd7eec7470ca473a,1,,,,,,56.00,18.69,,,,,,
60,00d15ff0236872686e4899ed1ce680ad,1,,,,,,57.95,22.34,,,,,,
61,00e365f4fc03d1098841af23d05c17a6,1,,,485,,,175.00,19.33,,,,,,
62,00e63486fad9d24645c9c84ed77c15fa,1,,,548,,,38.95,15.37,,,,,,
63,00e6bc6b166eb28b4502c1cad4457248,1,,,,,,132.90,19.03,,,,,,
64,00eead1d5a799277ef3d6b387b0bebef,1,,,,,,85.00,13.26,,,,,,
65,00f1a34f176151c4dcbd802c244e1072,1,,,371,,,69.99,14.80,,,,,,
66,00f1bb0af030935db1745ee28367ea26,1,,,,,,268.90,19.98,,,,,,
67,00f251b943aba645652c7138e4716fee,1,,,,,,77.90,23.35,,,,,,
68,00f426c7214575822c3cb44ea59ef0f6,1,,,251,,,71.00,23.65,,,,,,
69,00f57f2ccce2a2e3f393fe8f5e616e0d,1,,,,2018-07-08,delivered,225.00,60.81,,,,8,-14,false
70,00f6ac4816d12f49026b09f2aa77d15f,1,,,,,,35.00,19.44,,,,,,
71,00f6ac4816d12f49026b09f2aa77d15f,2,,,,,,35.00,19.44,,,,,,
72,00f6ac4816d12f49026b09f2aa77d15f,3,,,,,,35.00,19.44,,,,,,
73,00f86b368251d739f1896d41469b2b7a,1,,,,,,39.97,18.38,,,,,,
74,00f86b368251d739f1896d41469b2b7a,2,,,,,,39.97,18.38,,,,,,
75,00f86b368251d739f1896d41469b2b7a,3,,,,,,39.97,18.38,,,,,,
76,00faa6afcde74aaa630e1d2fda2bb0f7,1,,,487,,,22.50,18.26,,,,,,
77,00fc308dd7f0937682698becaa9dcc45,1,,,,,,85.71,18.40,,,,,,
78,01029b44abe6e15c8df48b1b759ab437,1,,,,,,78.00,15.85,,,,,,
79,0103878b7ed86b6ec873cfae01379472,1,,,675,,,229.99,35.37,,,,,,
80,010d6db2f77220b394f147836c94f27b,1,,,,,,14.90,15.23,,,,,,
81,0113affd907a209209ab08413bb54226,1,,,,,,122.99,63.11,,,,,,
82,011724d1afbd91844302627f79a66800,1,,,669,,,54.99,14.70,,,,,,
83,01235dc626dcf13283207ba7f36a959a,1,,,,,,25.99,5.31,,,,,,
84,01235dc626dcf13283207ba7f36a959a,2,,,,,,25.99,9.57,,,,,,
85,01237c761ffb72594a466ed514518af0,1,,,,,,107.90,18.56,,,,,,
86,0128412231f9fe9d7e944eea5392fc6b,1,,,,,,76.00,18.83,,,,,,
87,0132f39e8ad9b42ad2d41c847f44c0ed,1,,,858,,,28.80,8.36,,,,,,
88,013a98b3a668bcef05b98898177f6923,1,,654,532,2018-08-11,delivered,63.00,23.35,,,,6,-31,false
89,013a98b3a668bcef05b98898177f6923,2,,,,2018-08-11,delivered,89.00,23.35,,,,6,-31,false
90,013aa6ba5077072401773f83f1ee6408,1,,,,,,159.00,19.21,,,,,,
91,01405161cfdf60dd80df1f393a2796d5,1,,,,,,59.90,14.73,,,,,,
92,01442602b15d4127a84ca6ac1507ee2d,1,,,575,,,504.00,19.72,,,,,,
93,014ac3cfd0e55bdc2cdd12aa181b00cb,1,,,,,,135.00,23.75,,,,,,
94,0152de20f6e09fb1133847df8babd490,1,,,,,,211.05,14.14,,,,,,
95,015e051dbb2407d4bd305635e46b732f,1,,,378,,,29.00,15.30,,,,,,
96,0170e40334131d971605ae70efb33e4f,1,,,,,,19.00,18.23,,,,,,
97,0181409c6498f79e161dde79c2a7dc59,1,,,423,,,43.90,18.41,,,,,,
98,01825d0debce07b6502f4aff38a00e69,1,,,,,,189.00,23.25,,,,,,
99,0188ca1fe398161f0f310fec985ac155,1,,,339,,,66.00,43.40,,,,,,
100,018bb1508d9156b81990407b91fb35a8,1,,,,,,139.90,9.09,,,,,,
101,018bb1508d9156b81990407b91fb35a8,2,,,,,,139.90,29.07,,,,,,
102,0191b6a5a70bcbc6cdd39427f216602e,1,,,,,,139.90,27.96,,,,,,
103,0193a99edc8c599aaa16f9b9e991efb8,1,,,,,,154.90,15.39,,,,,,
104,0197416059c0e56b5344bf2188066317,1,,,,,,399.90,21.71,,,,,,
105,01a1553cddb473cec004af5ce2192f1c,1,,,,,,79.90,38.83,,,,,,
106,01a9d731c0f08f4f79c10b7679dcdebf,1,,,,,,39.00,15.37,,,,,,
107,01ae629e578b0eb0935ea1ce19c409f1,1,,,909,,,84.99,18.70,,,,,,
108,01b1800f51715ab76f67caf732206437,1,,,569,,,150.00,44.97,,,,,,
109,01b37f50cf3098b3dd9d0450a188348c,1,,,,,,68.90,18.28,,,,,,
110,01b4dfef1c8848e8c0431ce17f5f72ea,1,,,892,,,25.89,22.98,,,,,,
111,01bdc09119b132e176e5c8f2cf68b0ac,1,,,,2018-08-16,delivered,359.00,25.66,,,,11,-16,false
112,01c156f67900e1f33d1234ce92cb18d9,1,,,,2018-08-03,delivered,13.47,18.23,,,,14,-26,false
113,01c1644529b18608f086d2ff0f3b8181,1,,,,,,103.99,31.60,,,,,,
114,01cce1175ac3c4a450e3a0f856d02734,1,,,,,,60.00,25.24,,,,,,
115,01cce1175ac3c4a450e3a0f856d02734,2,,,,,,36.23,2.27,,,,,,
116,01ccfbb0ddf88340b6eed3f1370bcf0c,1,,,,,,79.00,59.78,,,,,,
117,01d1bb79f3dee77d8a6809aff0025590,1,,,,,,219.90,27.84,,,,,,
118,01d2fc3e47376926a97ae795036db093,1,,,944,,,34.00,13.54,,,,,,
119,01d90c5856f7551e108f2a0864ff6e54,1,,,944,,,69.90,14.88,,,,,,
120,01d9a9aa7feccdaf99f7ea832bfa7301,1,,,518,,,79.90,9.07,,,,,,
121,01e662008f03009eb9b97f9333fcd6b4,1,,,998,,,24.98,12.84,,,,,,
122,01eaa000fe5c9f80f535c3d0cad25a47,1,,,,,,135.90,16.02,,,,,,
123,01f3ed0a20c6db39216985812a092bea,1,,,378,,,99.00,15.79,,,,,,
124,01f65c9e501f46d2a15af4d2b28e6081,1,,,,,,199.90,20.59,,,,,,
125,01f66e58769f84129811d43eefd187fb,1,,580,476,,,79.80,7.82,,,,,,
126,02014f2495eef0e869616829d481d743,1,,,,,,1240.00,102.63,,,,,,
127,020347f6d056bb4209b3ee4711d25f1a,1,,,,,,105.00,23.89,,,,,,
128,02036bc298ab3c1efc98b116f420d646,1,,,932,,,24.99,17.98,,,,,,
129,020500486b7211f5ef873ba8ffd58cd0,1,,,897,,,39.99,18.38,,,,,,
130,020a1591ace758e4c97d7843e1a03a88,1,,,,,,18.90,7.39,,,,,,
131,020aec76c43508e4214579c52c1133f4,1,,,,,,27.90,19.39,,,,,,
132,020f04b3da1d597b9a00b825762299ba,1,,,720,,,125.00,18.98,,,,,,
133,0214781b6f9215eb09fb1b78de35b07e,1,,,,,,109.90,8.93,,,,,,
134,0216b8a71f44f126ac083fa5d639fe47,1,,,,,,59.90,17.63,,,,,,
135,0222b443ebbd702540abbaf4f5ff7edf,1,,,,,,70.00,27.26,,,,,,
136,0229bc966620f05d9d8fc29c704aa6ff,1,,,,,,45.97,13.90,,,,,,
137,0229e66693fbbd736e5022221fc8148b,1,,,,,,40.75,22.23,,,,,,
138,022f80b8a6f58b11018082b505f15c38,1,,,,,,24.90,18.27,,,,,,
139,0231f6b89e5798ff6c0dfb1e18a94da9,1,,,,,,550.00,98.77,,,,,,
140,02333096645cf1743050acd043b76e69,1,,,,,,119.00,27.13,,,,,,
141,024602a52e3c89ca5f963affcd2bedad,1,,,,,,27.90,18.30,,,,,,
142,024a74550cdbd36c0fe3955fc9e2bcf0,1,,,900,,,27.99,7.46,,,,,,
143,0250c3964e5ca77ecac2db28d78aa89f,1,,,,,,36.20,18.35,,,,,,
144,02521a906b13fc8ff9314bf88adc31ed,1,,,575,,,509.00,12.31,,,,,,
145,02546acbfd2949a1f63c44ad04978ea1,1,,,378,,,78.00,7.81,,,,,,
146,025e095e20c6575abee30657b956b3ff,1,,,,,,160.00,12.14,,,,,,
147,0260196efc012b1f83d543ba8220d0ee,1,,,,,,105.00,18.54,,,,,,
148,02640665fed0e2c2cdbe0f266a2aa1f2,1,,,,,,134.90,27.89,,,,,,
149,027b81ccdf72434e7346aafdf630ff31,1,,,,,,154.91,16.18,,,,,,
150,028aa70283170bf3cbfdce2c1b751cfa,1,,,,,,64.50,19.64,,,,,,
151,028b18bcd128b49e2982741f83b78e77,1,,,569,,,260.00,37.12,,,,,,
152,028cad58dbd393e348c73435f8192919,1,,,,,,99.99,15.01,,,,,,
153,028df34320b87c04ef6de145db2e8444,1,,,,2018-08-04,delivered,118.13,17.02,,,,7,-4,false
154,02950daa1214da108fb29cb5a0a3f74e,1,,,909,,,69.50,18.59,,,,,,
155,029b1d3a355dec12cfed60927f076a9d,1,,,,,,110.32,15.87,,,,,,
156,029b1d3a355dec12cfed60927f076a9d,2,,,,,,110.32,15.87,,,,,,
157,029b2daf51dda061aeb1cf32c9306db7,1,,927,,,,29.90,18.31,,,,,,
158,029b99b0436c25c8de22cb828831ffa8,1,,,,,,379.00,63.63,,,,,,
159,029c366599ce117100419a093b7f6132,1,,,,,,99.99,11.72,,,,,,
160,029c545413b10a6bd7540401f6eef0a3,1,,,,,,1350.00,294.76,,,,,,
161,02a0929986b1647b2df9bb303b4851b9,1,,,,,,259.00,39.58,,,,,,
162,02a3c3a1c72dbff557b2f56fc0caa847,1,,,,,,25.00,15.28,,,,,,
163,02a98752595ee9d94c570ad3e18055b4,1,,,,,,68.90,11.50,,,,,,
164,02ae2a6d1d1f1432dc743ca4f67033df,1,,,782,,,158.00,16.21,,,,,,
165,02aeeaf3075593045bf2f59a7109e2c1,1,,,,,,52.39,19.56,,,,,,
166,02b7a3c4c3376a74359add1cdf94bbd8,1,,,,,,178.00,13.91,,,,,,
167,02bd584dedf7373cb07b6540cadf9a76,1,,,892,,,54.00,23.18,,,,,,
168,02bfd16c1a67263989b258fa92e20d3b,1,,,,2018-08-16,delivered,39.89,51.00,,,,13,-14,false
169,02c13bb9b84866055ea2074cc6a83a16,1,,,539,,,99.00,64.06,,,,,,
170,02c8da4642d8bb546d022a0701ea1b5a,1,,,,,,109.90,43.91,,,,,,
171,02c9fa29186a8d00b3e73d3837ea40e5,1,,,,,,25.99,18.25,,,,,,
172,02c9fa29186a8d00b3e73d3837ea40e5,2,,,,,,19.00,18.25,,,,,,
173,02cb7027f3074adf1407706d712298f7,1,,,,,,135.90,23.67,,,,,,
174,02cdf0f2b05845468fdf0c104e24ae17,1,,,,,,44.00,9.99,,,,,,
175,02cdf0f2b05845468fdf0c104e24ae17,2,,,,,,29.30,9.99,,,,,,
176,02d3254501ce969c22c38d060166bf68,1,,,,,,99.99,23.69,,,,,,
177,02de39953ce1cf1f7c6d46aac400ee82,1,,,378,,,69.00,18.58,,,,,,
178,02ed129a369c56d40549270ac5900864,1,,,,,,139.00,14.31,,,,,,
179,02ef9aa8b6692c2ff049065f5a150c28,1,,,314,,,29.90,15.31,,,,,,
180,02efbfba398618f44f8c4097d6822ddd,1,,,,,,29.90,7.47,,,,,,
181,02f1d13053a2833d022b8921ee3411a3,1,,,,,,74.99,19.72,,,,,,
182,02fc75303e2529f036cb819168fa21a0,1,,,,,,50.00,18.45,,,,,,
183,0300095becf10f9b2993706759522741,1,,,,2018-07-01,delivered,89.00,9.93,,,,9,-8,false
184,03104945dce5c57f748dbb3dbd62daeb,1,,,,,,45.00,15.42,,,,,,
185,031e976ccc4a1678f5485552ed1ae778,1,,,218,,,179.90,39.77,,,,,,
186,03202c9906e9d1140a8ac3e15f4492e8,1,,,107,,,49.91,20.99,,,,,,
187,03225b1b0b8897aa43a745d14fde3c87,1,,,,,,98.90,18.79,,,,,,
188,0327e299243edec0ed4f26712a05b910,1,,,,,,189.90,19.43,,,,,,
189,032a25a524b766bdb806500361630bea,1,,,,,,48.98,23.10,,,,,,
190,032b42b17fe9daa676ba9447f3dbbd0a,1,,,909,,,49.00,13.00,,,,,,
191,032d1a95f9e146c92cf349805c5e1293,1,,,,,,196.80,13.68,,,,,,
192,032d90128bd4c1c63e317ab45ddc2879,1,,,,,,144.90,21.65,,,,,,
193,03350e641d4d30d50b38c2e3030cd394,1,,,,,,129.90,24.06,,,,,,
194,03368cf33950e57f7da415d43f792e0d,1,,,,,,102.50,23.52,,,,,,
195,0339ed6316da69c73459e191c10ff6ac,1,,,764,,,49.90,13.01,,,,,,
196,033dac2c6721b55b4323f622ea5c1500,1,,,972,,,259.90,20.73,,,,,,
197,033e7f3c73132dd6a6792359b94155a2,1,,,311,,,170.00,25.54,,,,,,
198,033e7f3c73132dd6a6792359b94155a2,2,,,311,,,170.00,25.54,,,,,,
199,0343fa2096b6d04743321f9b9f62c1e0,1,,,,,,44.99,8.49,,,,,,
200,0343fa2096b6d04743321f9b9f62c1e0,2,,,,,,49.99,8.49,,,,,,
201,034c16aeedd39a916ea470f22a048b22,1,,,107,,,49.91,20.99,,,,,,
202,0352f2ba09b99ccae0751e133332a46b,1,,,909,,,69.50,18.59,,,,,,
203,03572de4ee0598b00c48f6de965fcf78,1,,,,,,148.50,165.32,,,,,,
204,0359f367ef22ad541b0bdc484158be09,1,,,671,,,159.00,64.48,,,,,,
205,035a721e5bfc1bc3f4e1ba0d7923cc84,1,,,,,,99.89,8.28,,,,,,
206,035c01a45e289b155db4e47cf39b29d3,1,,,,,,79.90,13.90,93.80,boleto,1,,,
207,036091098bdc85e780fc3594006276b7,1,,,,,,630.00,64.49,,,,,,
208,036091098bdc85e780fc3594006276b7,2,,,,,,630.00,64.49,,,,,,
209,036c6f5c3d6a81192f4896ddb2c00c83,1,,,,,,53.80,22.31,,,,,,
210,036e37b0e268e6087e88d3d7a676c13d,1,,,,,,79.90,26.86,,,,,,
211,03720fdc92032ee4abd471d172006ab0,1,,862,,2018-08-05,delivered,99.00,44.49,,,,16,4,true
212,0373227125997244e6f59bd76e717abf,1,,,733,,,90.00,17.76,,,,,,
213,03798f08af4c622b81b2c8f46c8bfba9,1,,,,,,89.99,42.91,,,,,,
214,037ce5266460af220f19d497b130e737,1,,,,,,110.32,8.03,,,,,,
215,037f4f91c8f5cd2a6ddd52a63d97fdcc,1,,,,,,36.90,12.92,,,,,,
216,037f4f91c8f5cd2a6ddd52a63d97fdcc,2,,,,,,36.90,12.92,,,,,,
217,0382a4a9c39917c21b842b7c15f4be23,1,,,378,,,55.00,15.49,,,,,,
218,038f8b45fafa1130d2557e5b8dfd5d71,1,,,,,,19.99,7.40,,,,,,
219,0396488303af9f0a78feb9ffa7e48949,1,,,473,,,129.90,47.21,,,,,,
220,0397de68fce44f5cdd948f2a5e83862b,1,,,,,,220.00,38.67,,,,,,
221,03aba68b07658f28f29612641f08d4ba,1,,,311,,,170.00,30.44,,,,,,
222,03aba68b07658f28f29612641f08d4ba,2,,,311,,,170.00,30.44,,,,,,
223,03aba68b07658f28f29612641f08d4ba,3,,,311,,,170.00,30.44,,,,,,
224,03aba68b07658f28f29612641f08d4ba,4,,,311,,,170.00,30.44,,,,,,
225,03aba68b07658f28f29612641f08d4ba,5,,,311,,,170.00,30.44,,,,,,
226,03aba68b07658f28f29612641f08d4ba,6,,,311,,,170.00,30.44,,,,,,
227,03abe0f86b91213bd62793ca180b232d,1,,,378,,,55.00,37.30,,,,,,
228,03ad48120321b06697272dfa53deff2b,1,,,,,,69.90,21.13,,,,,,
229,03b89e8b0ef3ba18cc903dbaa7aff107,1,,,,2018-07-08,delivered,28.90,18.30,,,,4,-14,false
230,03b9f7dff4b5e742b0593472f28ee9b0,1,,,960,,,44.50,19.50,,,,,,
231,03bb0baa2f30152130d3d5df8e44507e,1,,,,,,379.90,69.01,,,,,,
232,03bd6f7b95588e476cdef4abb2cfdd0d,1,,,,,,48.90,9.09,,,,,,
233,03c8468d3001db38cadd59ac670341cc,1,,,548,,,24.53,15.27,,,,,,
234,03cd43eb7c373b23a0b55c1c8f76c861,1,,,138,,,132.20,19.03,,,,,,
235,03d11bececb87dec8b11f5bd6fa62472,1,,,,,,119.90,23.12,,,,,,
236,03d61f050de69049f4153f164c6f78b5,1,,,911,,,276.99,14.60,,,,,,
237,03d842e44ef7cae41da34acb402983fa,1,,,431,2018-07-20,delivered,59.90,43.22,,,,7,-13,false
238,03d9b0241efc2b1690172701f6800f21,1,,,854,,,37.90,12.93,,,,,,
239,03d9d682de9c41158e00e17ee26d9070,1,,,735,,,199.90,10.53,,,,,,
240,03dffd456132253d009d20fc4a228c9b,1,,,,,,12.99,7.39,,,,,,
241,03e2511c3ad8af9188ef59218b1e8a2c,1,,,,,,154.91,16.18,,,,,,
242,03e5d6a8dd520898f86f8429ccd07c21,1,,192,,,,119.90,15.94,,,,,,
243,03e9790f0220543f057ebca9e29b459a,1,,,53,,,35.90,9.00,,,,,,
244,03ef5dedbe7492bdae72eec50764c43f,1,,,487,,,24.90,8.33,,,,,,
245,03fd1ecfbee7068edda48a4ad8b838e1,1,,,849,,,89.90,19.82,,,,,,
246,04075153ea747446984b909a58edef85,1,,,,,,35.00,13.83,,,,,,
247,04075153ea747446984b909a58edef85,2,,,,,,35.00,13.83,,,,,,
248,040b9db3ba0a38c2c2b139d6604576c8,1,,,608,,,69.99,8.65,,,,,,
249,040ffb806b943aa19e0b176e7746b2b7,1,,,771,,,519.00,37.69,,,,,,
250,0412781fb7b094ddbd06503035a2964c,1,,,,,,89.00,14.93,,,,,,
251,04158f13c5f4533ee32baa89521cf9ba,1,,,,2018-08-15,delivered,108.90,23.04,,,,13,-9,false
252,04198c2c90b3fcfaec75a836841dafe2,1,,,384,,,45.00,17.25,,,,,,
253,0420da8d50a3784011290a782f25a8a8,1,,,227,,,59.90,14.73,,,,,,
254,04221a4eb2e1a30903ffaaa72f8b268c,1,,,118,,,39.99,12.94,,,,,,
255,0425635629d7b1e1aefedf34bd15e289,1,,,,,,44.90,8.47,,,,,,
256,0436c197b0ba8265af9fa94b7f444866,1,,,441,,,64.99,18.56,,,,,,
257,0438fc3e115633e11a93c878a1591016,1,,,311,2018-08-11,delivered,249.00,15.22,,,,9,-8,false
258,043e7f7cfe1fdc68f4ba3dc83504db83,1,,,,,,120.00,20.03,,,,,,
259,04453a84ff0126fdc05079cf18a34890,1,,,,,,94.95,19.86,,,,,,
260,04464191f1b76f60684eac5609f3bdda,1,,,575,,,478.00,12.10,,,,,,
261,04492e6b1fcee5317506f927e0e89eb2,1,,,,,,114.90,15.11,,,,,,
262,044b08f176981f660b98a85c559ad57d,1,,,,,,68.50,14.06,,,,,,
263,044cbf8cf2b8839acd8f0fbc6faeeabd,1,,,548,,,38.95,7.53,,,,,,
264,0450f2effaa0b03d5c7c5456338f48ff,1,,,608,,,12.99,18.23,,,,,,
265,0452166f3b0d8e378179ecea1efdfe05,1,,,,,,59.90,11.91,,,,,,
266,045b9114be21f880246ba6d749f577af,1,,,,,,42.89,18.40,,,,,,
267,045e0b29f969d5cd3bf5ca04087a4af8,1,,,468,,,72.00,19.69,,,,,,
268,045fb730a757a5379d79bdbc42d4e84b,1,,,,,,34.90,13.58,,,,,,
269,0460d320a0a3d5a59cbc08636053751b,1,,,,,,119.90,13.50,,,,,,
270,04652586a8416e68609d21f267dee2f6,1,,,378,,,69.00,19.39,,,,,,
271,0467205a89711e4ec8e70ef2277e3287,1,,,,,,109.90,8.93,,,,,,
272,046bac99a3d9ff45ef86ebcd710b972a,1,,,378,,,89.00,19.53,,,,,,
273,047250e11ece4201a2083bc3b62866bf,1,,,,,,34.90,8.40,,,,,,
274,04749a8c0b72cda9ebbd79d27a0d1e40,1,,,,,,214.00,18.43,,,,,,
275,0474da9403011efc4abd2bf594e9b68b,1,,,,,,149.00,26.41,,,,,,
276,0475d054d40280dfba750663c9ad7a0a,1,,,,,,49.90,13.69,,,,,,
277,0478ce23b7b39ac01b3bbd39109b083a,1,,,,,,135.00,16.05,,,,,,
278,047ac23902ffcc68f3106db4f2e4338f,1,,,,,,139.00,14.31,,,,,,
279,047ea1a58aad923c2c108eafa2c28192,1,,,,,,122.99,63.11,,,,,,
280,04836fc7917dc0bfcfbd4456ec4156ac,1,,,593,,,99.99,58.78,,,,,,
281,0487b772aa23074a39079a6967041b72,1,,,,,,28.28,13.78,,,,,,
282,0492eead55cd90ba9690387cca2baa20,1,,,378,,,99.00,7.95,,,,,,
283,0499c7fe87611ea8ba76fc6ddceaad0e,1,,,74,,,69.00,15.58,,,,,,
284,049ac54eda25ad838a76c65dcfd27c9a,1,,,598,,,139.90,33.12,,,,,,
285,049db9aade07d0056ead438e182f2b52,1,,,441,,,64.99,18.56,,,,,,
286,049ede3fc839758e81752a9dacd1f911,1,,,,,,12.99,12.79,,,,,,
287,049fa9a29ba386943ccbd0954fe8b8a0,1,,,,,,79.90,23.36,,,,,,
288,04a0704d5a3f27305100a48682d41bb6,1,,,,,,66.99,19.38,,,,,,
289,04b3135bf087618b410a00680576242f,1,,,906,,,34.90,8.99,,,,,,
290,04b7151492b049661380a47e0449f9b6,1,,,,,,84.90,26.89,,,,,,
291,04b7f4eff7b30fc23df0be1f249113a5,1,,,,,,13.40,12.79,,,,,,
292,04c16a4e370df99cc2e5e4228ee63820,1,,,,,,299.00,15.43,,,,,,
293,04c2b3995f83a3db2540a9217254ef6d,1,,,605,,,79.90,19.75,,,,,,
294,04ca915235b56ef2ce81703cdaa6a24b,1,,,,,,89.99,23.43,,,,,,
295,04d3e9115c05c6494aa7c1063f96db5e,1,,,,,,119.85,23.64,,,,,,
296,04da4dc0ed95cc93f9f25375fa08ad47,1,,,,,,246.90,14.39,,,,,,
297,04dbc8d27bc4a29787bbaf068607aa76,1,,,,,,99.99,15.09,,,,,,
298,04e00ba23c33890eaee39b02e8185cc2,1,,,,,,33.90,14.40,,,,,,
299,04e86e883a36a0775ecb4f34f581770d,1,,,,,,19.90,15.21,,,,,,
300,04ebe10a05b6cb445e27b34f29a01c1a,1,,,,,,122.99,30.11,,,,,,
301,04f1689642ed3c3e45244d4f7b2fe731,1,,,423,,,259.90,20.99,,,,,,
302,04f1f7895e1f86444c5965be2d773cb3,1,,,,,,150.00,21.69,,,,,,
303,04f87887045aa20403546af3facb8ad1,1,,,539,,,72.99,88.02,,,,,,
304,05104976125ea1e5cc04bc1f506a436a,1,,,,,,198.90,18.32,,,,,,
305,0519649fc6c78b0e228b6ea8e6767095,1,,,,,,29.29,18.31,,,,,,
306,051c701261744807b2535ab976842f7e,1,,,,,,159.90,18.33,,,,,,
307,051d564ccb0a1e50070ac26704a2ba72,1,,,,,,585.00,37.86,,,,,,
308,051fcda88d997d3ff86012da2a556342,1,,,378,2018-08-24,delivered,49.00,7.60,,,,5,0,false
309,0524a4740833e4c479484d6fd2735725,1,,,7,2018-07-30,delivered,139.90,18.11,,,,4,-6,false
310,0528d983de4118f6b36d55e407d24f94,1,,,371,,,69.99,14.80,,,,,,
311,052b00d65560313221c5692cdb22fcb3,1,,,,,,169.99,26.17,,,,,,
312,052fd91f936f4938c1085ce62862142a,1,,,,,,44.99,12.98,,,,,,
313,053060b606af02b5ea4b079dd492ec5b,1,,,,,,42.90,18.40,,,,,,
314,053228d082dcc4c3730e511ecd4c9fa0,1,,,,,,85.99,22.88,,,,,,
315,053424c24c059910d1e31829dddcd4d9,1,,,921,,,38.90,19.46,,,,,,
316,05408ed33df5e0bbf70d578dbdca2f29,1,,,,,,34.50,7.50,,,,,,
317,05424cc0493d8fa049aa508505e6c773,1,,,77,,,75.90,15.60,,,,,,
318,05426618bfbb87e04fdd3a60a5bfef38,1,,,775,,,364.00,21.74,,,,,,
319,05434c77e67f2531d6b5a6c5f8bce535,1,,,,,,127.26,22.19,,,,,,
320,05529f3e7ed5cd4214281f2bf60e89d6,1,,,,,,53.30,37.28,,,,,,
321,0558d3449b449e4da4a5793f542d0785,1,,341,485,,,119.00,13.49,,,,,,
322,05593bfa78dd87f8fb6d212a614f4b23,1,,,378,,,49.00,18.44,,,,,,
323,0559598ddb2398bb4c202d6efd54f04e,1,,,,,,19.90,7.40,,,,,,
324,056793ca2483a5d5943cb5bd90f5b314,1,,,979,2018-08-27,delivered,21.99,17.47,,,,2,-1,false
325,057cb6913750cc04b72dbeb174afb208,1,,,,,,42.89,13.60,,,,,,
326,05871d52118762aaae93a3682fc5fe2f,1,,,,,,329.00,60.31,,,,,,
327,058dbc6a010af0332e7515f383c02b5b,1,,,,,,77.90,23.35,,,,,,
328,059162a0bf2726c87dd0359eef84c878,1,,,,,,839.99,174.49,,,,,,
329,0596e04bc1e3bb1649cf6d1f8545e5eb,1,,,,,,247.00,88.32,,,,,,
330,059c2808fecc4ffa815a20bd7a12b3bb,1,,,,,,69.90,17.62,,,,,,
331,05a5446738fb49ff21e44d318df1189d,1,,,621,,,79.00,26.72,,,,,,
332,05a5446738fb49ff21e44d318df1189d,2,,,,,,89.90,35.53,,,,,,
333,05a6f444527fc90e28da6088b1707b20,1,,,900,,,79.90,18.66,,,,,,
334,05ae7d6bd78e2a61f4c0076a9d690aa8,1,,,,2018-07-20,delivered,219.00,16.83,,,,5,-7,false
335,05be057d337a9ea02bb4111d054a670a,1,,,,,,48.90,19.53,,,,,,
336,05cb96d379b1a3df48333ecaa572bf26,1,,,549,,,55.90,8.55,,,,,,
337,05d43265b79289692a382c9f2a6c1547,1,,,858,,,220.00,14.84,,,,,,
338,05d46826bd0fb605d6b00e30e9141882,1,,,494,,,49.99,11.37,,,,,,
339,05dc8285104a0f76f6e8d6b2ff9417b2,1,,,,,,134.90,9.69,,,,,,
340,05ddf4cc62efcc6f34b8c693eaa2db01,1,,,441,,,69.99,18.59,,,,,,
341,05deb664157a8c5022b440fc420bb397,1,,,,,,69.00,14.79,,,,,,
342,05e6d57ea1f64b4e9a0b37c669515cfc,1,,,,,,42.20,44.10,,,,,,
343,05ebeda0c1aefd787e0ddc914af75039,1,,,112,,,179.90,19.39,,,,,,
344,05ebeda0c1aefd787e0ddc914af75039,2,,,112,,,189.00,19.39,,,,,,
345,05ec8e2b68474e347ff47b71274e2361,1,,,,,,299.00,20.19,,,,,,
346,05ec9565bccc292561dec1d33bfefdfa,1,,,,,,49.00,13.92,,,,,,
347,05f18c930e9961675a68af3b18efaf6b,1,,,572,,,29.99,14.51,,,,,,
348,05f44408d29a64126c4abc87d2b2b038,1,,,102,,,95.90,7.93,,,,,,
349,05f5cfec67106e59d6280f62c4792d25,1,,,512,,,49.90,15.45,,,,,,
350,05f8021cf7217f1990addecad0e24b7a,1,,,,,,178.90,19.35,,,,,,
351,05fdf5f17c4a8b374e99ed52416d8766,1,,,,,,34.90,19.43,,,,,,
352,06093968558c2db43ddc36679aacc280,1,,,,,,104.90,19.92,,,,,,
353,060b8f810cc106b90824b59a26ceb0db,1,,,12,,,149.90,27.35,,,,,,
354,060c88a63c83f2dfaeea611cc18edefd,1,,,,,,109.90,51.06,,,,,,
355,06136e6a6532fabbd5675f8090fca4b3,1,,,,,,30.09,42.49,,,,,,
356,0616b1a248556f0f4c5aea97beb0729a,1,,,,,,149.65,18.99,,,,,,
357,061b13cf87863db16e1a03178285ecfe,1,,,,,,26.88,38.46,,,,,,
358,061c593a0c8fd1b92c2abc7c1a87b329,1,,,,,,49.90,15.45,,,,,,
359,0629053d0e1e598c7a5048031e19e31b,1,,,33,,,29.10,21.50,,,,,,
360,063de687a6d9389fb6f6934d19d447f8,1,,,,,,43.44,8.46,,,,,,
361,063f19fae1eadbb92dc30d00b7cc870c,1,,,,,,196.80,18.51,,,,,,
362,063f2375ecf74934d05e78a476f92cb5,1,,,259,,,28.45,18.30,,,,,,
363,063f2375ecf74934d05e78a476f92cb5,2,,,259,,,28.45,18.30,,,,,,
364,0641880e7059ec426c7e6f8ba1585bf7,1,,,,,,65.90,19.65,,,,,,
365,064314e503e36ce3869a9901434fc6f4,1,,,,,,132.30,9.09,,,,,,
366,064330ca980cc4023706283a3c4b89a4,1,,,378,,,58.00,7.67,,,,,,
367,0644bbc829f241622c4c83b08436c465,1,,,300,,,31.90,15.32,,,,,,
368,0645b256ee8f4939ae426819da55488c,1,,,,,,12.99,7.39,,,,,,
369,065d7ca47199c0b027e288a77c59a167,1,,,679,,,65.00,18.26,,,,,,
370,0661cdf16c55936467e8d8c561e50730,1,,,449,,,5.99,7.39,,,,,,
371,0667371275636232a05d55f2a8eada60,1,,,,,,27.90,18.30,,,,,,
372,0668d086b3ae41adde3aed3dacbc8fae,1,,,,,,209.00,43.74,,,,,,
373,066a60f7b0700a942ba22b627ebff13b,1,,341,,2018-07-17,delivered,119.00,18.93,,,,14,-8,false
374,066bcda20b88b5f4d4870b32a387f822,1,,,,,,185.00,19.40,,,,,,
375,06743668e599a5ca8cfe58b46d058fc1,1,,,,,,122.99,25.21,,,,,,
376,0675ebb5c8a8506766f55599dd95c74c,1,,,,,,74.90,19.71,,,,,,
377,067cdcc9257641b7d0ed7a49a466dd8d,1,,,,,,85.99,22.88,,,,,,
378,068d6b1cc2388cb0c5dcff8815760818,1,,,67,,,15.90,15.23,,,,,,
379,06914a88cb181e922cc58fed3d198c98,1,,,,,,159.00,16.41,,,,,,
380,0691511b757c6190f85d5c20481ddae1,1,,,,,,199.00,18.52,,,,,,
381,069448c08929653f9280f77f9d746ee1,1,,,,,,69.90,17.62,,,,,,
382,0695bd018cbf6e999fad4c321b32d26d,1,,947,518,,,39.90,20.99,,,,,,
383,069d921a767dfeb76fb4a7f39bc4217c,1,,,688,,,144.90,13.31,,,,,,
384,06a02b60d897c8f12fb3287e9de120e3,1,,462,378,,,65.00,18.56,,,,,,
385,06a1cb50e0911f3b04b4f43fc7beb5a7,1,,,54,,,39.90,19.19,,,,,,
386,06a31d324c43e3350e4a83fb663c151a,1,,,,,,124.90,27.82,,,,,,
387,06a398a5e672222b10f098541b70da76,1,,,,,,65.00,27.23,,,,,,
388,06afc1144eb9f51ef2aa90ec9223c7f4,1,,,,2018-08-15,delivered,129.90,23.71,,,,9,-27,false
389,06afc1144eb9f51ef2aa90ec9223c7f4,2,,,,2018-08-15,delivered,129.90,23.71,,,,9,-27,false
390,06b7229726fb71407516395c69b6172a,1,,,894,,,65.90,22.39,,,,,,
391,06b8cdbbc86d64ea69af76036c523827,1,,,576,,,22.90,7.42,,,,,,
392,06b8cdbbc86d64ea69af76036c523827,2,,,576,,,22.90,7.42,,,,,,
393,06b8cdbbc86d64ea69af76036c523827,3,,,576,,,22.90,7.42,,,,,,
394,06b8cdbbc86d64ea69af76036c523827,4,,,576,,,22.90,7.42,,,,,,
395,06b8cdbbc86d64ea69af76036c523827,5,,,576,,,22.90,7.42,,,,,,
396,06b8cdbbc86d64ea69af76036c523827,6,,,576,,,22.90,7.42,,,,,,
397,06ba77893723a9357f7e681bf336fb2c,1,,,608,,,44.99,19.23,,,,,,
398,06ba8c77c2419a72756b5660b04e3188,1,,,112,,,179.90,51.98,,,,,,
399,06bc7036f4e52afa8213176211d6ebba,1,,,,,,79.90,15.66,,,,,,
400,06bd4e8d281ae8780eadabe2f8886368,1,,,,,,99.00,18.79,,,,,,
401,06be8b2c2a6e818814aa5416c3512ca3,1,,,900,,,27.99,15.30,,,,,,
402,06c17d1278ee3d265f881df4a58f11d3,1,,,,,,24.20,56.65,,,,,,
403,06cc5452c0a830d345b93a5385ee310e,1,,,897,,,7.99,7.39,,,,,,
404,06d1315b8f0db57ee04b47b21db6626c,1,,,,,,155.97,13.75,,,,,,
405,06d4759251d186697714a0c1a3fccb0c,1,,,311,,,199.00,21.66,,,,,,
406,06d6f2f9ce499ed49d414ff36f583abf,1,,,,,,134.99,23.75,,,,,,
407,06d6f2f9ce499ed49d414ff36f583abf,2,,,,,,134.99,23.75,,,,,,
408,06d77e4ba21f283252286b6a72fb8fe2,1,,,,,,78.00,18.35,,,,,,
409,06d8cb692ed19b092adaaf5337d01a39,1,,,,2018-08-03,delivered,199.90,27.70,,,,7,-6,false
410,06d9e69034388abf6da64378e10737b8,1,,,,,,100.00,23.85,,,,,,
411,06d9e69034388abf6da64378e10737b8,2,,,,,,100.00,23.85,,,,,,
412,06daa9224cad114ece451ff00c20d49f,1,,,,,,80.90,8.73,,,,,,
413,06ecfa8dfae87263e05d953aa561603d,1,,,,,,107.90,23.56,,,,,,
414,06eed67b7a87cac349143f3319c2b9fe,1,,,,,,139.00,53.32,,,,,,
415,06f38dfd220e723c33a775d36f5d2756,1,,,,,,299.99,29.05,,,,,,
416,06f39c67a9d68f76a8bfdb092852829f,1,,,,,,135.00,27.90,,,,,,
417,06f66faa834248ccd67fa52058285d27,1,,,314,,,29.90,18.31,,,,,,
418,06f69fec6e098f6350cefea19ca51ff4,1,,,,,,79.90,23.36,,,,,,
419,06fef28288938378d269904800db589f,1,,,,,,99.99,44.50,,,,,,
420,070a62ae87136bfbe6ef6d0e2883cda5,1,,,511,,,299.00,44.37,,,,,,
421,070b9bc7d401021bcb0d4d7413bb233a,1,,,,,,148.00,17.97,,,,,,
422,070fcffce3b0a655482d4f5f11607599,1,,,,,,140.00,23.78,,,,,,
423,0710ec94ade6724b0816df78ee4e689f,1,,,783,,,14.00,7.39,,,,,,
424,0712d5a2573948df98ba556ab362ef06,1,,,,,,104.00,18.83,,,,,,
425,07156fa55794dec196d72e6d8b07339a,1,,,944,,,120.49,13.14,,,,,,
426,071773cf1c4d6c91cce83af65b9f8fff,1,,,51,,,53.90,9.13,,,,,,
427,0718634f87a84ae0468224ecca3584d1,1,,,532,,,139.00,18.10,,,,,,
428,071be1c98f3a6f467d8e472d94350db8,1,,,,,,199.90,50.36,,,,,,
429,071be1c98f3a6f467d8e472d94350db8,2,,,,,,158.26,24.18,,,,,,
430,0725532304d0cfa92301860fe3075a28,1,,,136,,,35.00,8.41,,,,,,
431,07279e06272270e7cb604d1901a4f374,1,,,,,,90.00,51.35,,,,,,
432,07294ed0ece67bb004a4813c77dfc3e3,1,,,,,,45.97,19.51,,,,,,
433,0739104e30e20de6c0956c0889a9b9dc,1,,,,,,369.90,24.41,,,,,,
434,0745fd0c5e5bd55f752798a152b1d04b,1,,,,,,83.90,19.78,,,,,,
435,0749c820395dd586556efd230c9d1bb9,1,,,,,,85.90,15.90,,,,,,
436,074a6843b445107d87cbfaa88e2e642f,1,,,880,,,28.90,12.86,,,,,,
437,0752235c99010e0a475e14cebb1baf81,1,,,,,,229.90,38.52,,,,,,
438,0754d33c0d259d6851e811948048324a,1,,,,,,110.00,13.07,,,,,,
439,0755fe651d86dd2feb3c6fff952d81e8,1,,,453,2018-07-19,delivered,129.99,19.01,,,,13,-9,false
440,0759c200a1d9ec728ba380676bccb583,1,,,,,,59.90,16.61,,,,,,
441,075e94be744f3e28a18d6ea444785f45,1,,,,,,151.40,23.86,,,,,,
442,075e94be744f3e28a18d6ea444785f45,2,,,,,,151.40,23.86,,,,,,
443,0760a852e4e9d89eb77bf631eaaf1c84,1,,,136,2018-08-03,invoiced,35.00,15.35,,,,,,
444,076204e886f6d81145cf693a72794765,1,,,378,,,95.00,19.58,,,,,,
445,076291ccc60bbd19ff77babbb78324d5,1,,,889,,,232.90,37.71,,,,,,
446,07629443859f99dfac4443b102f31ead,1,,,594,2018-08-20,delivered,759.90,32.27,,,,7,-15,false
447,076d0f6917a8b9325bd7de62ef6c8c73,1,,,,,,99.00,19.88,,,,,,
448,076d1555fb53a89b0ef4d529e527a0f6,1,,,,,,2338.08,375.28,,,,,,
449,076dc4ca874b482e0fed6263b1ff1b5f,1,,,,,,16.99,22.06,,,,,,
450,076e78b027f88320defc1d6ab23d6793,1,,,,,,66.99,27.75,,,,,,
451,07758ed400d130462900b1f68d042ee7,1,,,,,,230.00,42.59,,,,,,
452,0777f4238fa29d5c69367c8847a2f6ec,1,,,,,,149.00,44.84,,,,,,
453,07808f3f87407774955a7ceb2f4fe5d2,1,,,512,,,85.90,18.40,,,,,,
454,0782e07a7692b86e29c3fcec805b3bfc,1,,,784,,,359.00,29.45,,,,,,
455,0782e07a7692b86e29c3fcec805b3bfc,2,,,784,,,595.00,29.45,,,,,,
456,0785459f4688c430590e9ef6eff2fecb,1,,,,,,29.99,7.47,,,,,,
457,078d2f79c229fd2c2759339ac97242f4,1,,,,,,199.90,27.70,,,,,,
458,078f6a01964ee122ef20881df839af31,1,,,,,,2350.00,69.20,,,,,,
459,078f6e79012194cd9eb77b10f6753d77,1,,,,,,69.99,15.59,,,,,,
460,078f6e79012194cd9eb77b10f6753d77,2,,,,,,69.99,15.59,,,,,,
461,079034c04662f3d7dce287df9e4e5489,1,,,608,,,24.99,22.90,,,,,,
462,0796436a57062ff1b4a95616fdf3f2fa,1,,,,,,349.90,17.55,,,,,,
463,079aa97bd14929502e11d87d14790792,1,,,,,,145.00,19.12,,,,,,
464,079c9f53e6c3253320db701a645b0b9a,1,,,,,,84.30,13.93,,,,,,
465,07a038893865b59b24c46892652be2b7,1,,,,,,29.99,22.14,,,,,,
466,07a26b88cc90e93f5c9401de11a60793,1,,,828,,,12.90,7.39,20.29,credit_card,1,,,
467,07a394899e1b5de598df8ff3ea5edf37,1,,,129,,,8.90,18.23,,,,,,
468,07a78584049fe9dca82ae7bf5717d8b9,1,,,784,,,265.00,24.57,,,,,,
469,07ac486a7e139e73d66011849fa5779d,1,,,,,,44.90,18.41,,,,,,
470,07b0c48ffce8f9ad9878efed80bb428d,1,,,,,,122.99,63.11,,,,,,
471,07b1682544dc5cbc0eb87fb56e1374b5,1,,,,,,89.70,18.73,,,,,,
472,07b1810af93ee79a38977779e7a410d0,1,,,,,,11.87,15.23,,,,,,
473,07b4f186d84795c78fcd70a18b36c256,1,,,,,,49.98,15.45,,,,,,
474,07bcb0695fd4e3121e2fae21fbef3d28,1,,,,,,125.90,16.19,,,,,,
475,07c60b22ef2c61750215fd44cf67f928,1,,,,,,105.90,11.76,,,,,,
476,07cbb7b6d1c67566a892673386b5bb9b,1,,,,,,199.00,28.34,,,,,,
477,07d395244b58ce72bbecdafbb1b60ace,1,,,608,,,119.00,18.93,,,,,,
478,07d3edf3fa2d24ebc102315c95ec89f4,1,,,,,,12.99,12.79,,,,,,
479,07dc1dc61c5ee9a1387069fec64b6663,1,,,,,,45.90,13.66,,,,,,
480,07e68b7ed834c392f26a154d8997115b,1,,,,,,179.90,19.36,,,,,,
481,07e74b39ce62a7c6f7063b3168748191,1,,,,,,56.90,11.42,,,,,,
482,07e74b39ce62a7c6f7063b3168748191,2,,,,,,56.90,11.42,,,,,,
483,07e85d403be2aca377eebdf6581323fc,1,,,,,,415.90,104.12,,,,,,
484,07e8c8c7545c3cf6386eaf464b1e8365,1,,,,,,280.00,76.76,,,,,,
485,07f2e5679e13d0e45de9da85bb833558,1,,,828,2018-07-11,delivered,23.90,7.43,,,,1,-7,false
486,07f6947cb721727031402e0cd6d6e5e9,1,,,,,,19.83,12.80,,,,,,
487,07f770114a6de1a65f865bf22d8bb20a,1,,,237,,,62.90,14.02,,,,,,
488,07f9acd4e59411df700a59f89d4da8ed,1,,,166,,,66.00,19.65,,,,,,
489,07fa3b6d7ec7fa27de9d00bdc93d36cf,1,,,,2018-07-21,delivered,59.90,15.52,,,,9,-9,false
490,0804701eb9f74ec349c0b1dce5a83df7,1,,,408,,,40.00,14.58,,,,,,
491,080c5db822472f28f4193dc902b9be32,1,,,,,,49.99,9.10,,,,,,
492,0814daa4d12a646aeb73c429d5852f4d,1,,,,,,49.97,23.34,,,,,,
493,081820c2ad1ad7f6c452c1e845529fe8,1,,,,,,119.00,41.81,,,,,,
494,082388d7ce9557ef064199ef978a8f3e,1,,,712,,,14.90,8.29,,,,,,
495,082730bdb06cc2b755fbb33becd6ccec,1,,,,,,30.00,18.31,,,,,,
496,0828ce181ff4d87d201f07043986d0d2,1,,,,,,59.90,46.72,,,,,,
497,08322b6d209359f491acb1e5f89cb371,1,,,,,,238.00,68.72,,,,,,
498,083b812dd46ddf24d9ae0b6429139c9f,1,,,,,,14.90,15.23,,,,,,
499,083f267075b03a6cd837f4faa2c7b881,1,,,,,,122.99,21.13,,,,,,
500,083fa2fb9d3de18eabbb3427045a1a1f,1,,341,485,,,119.00,18.93,,,,,,
501,084644a489ac88b4ca68d2aa3dc91292,1,,,,,,87.90,18.72,,,,,,
502,084ce670827e3ebb5f585818b985bc25,1,,,,,,98.89,25.04,,,,,,
503,084ce670827e3ebb5f585818b985bc25,2,,,,,,98.89,25.04,,,,,,
504,0850d4915a0e1d284feb7aeee9f88573,1,,,,,,48.90,9.09,,,,,,
505,0853e0536bc0b71240beedd97501bd7b,1,,,,,,478.00,20.28,,,,,,
506,0858bbf6d922af574797281c8df8de5c,1,,,,,,39.90,7.54,,,,,,
507,0866001f9f2ff47df177b77ce6abecd4,1,,,,,,51.89,13.02,,,,,,
508,086986d3fe34c0417a41f76b14114fec,1,,,,,,229.90,14.91,,,,,,
509,086c6d64a23359add6c0488fbca20ccb,1,,,,,,115.00,37.72,,,,,,
510,086f617d66181efa193629791e0a9076,1,,,,2018-08-10,delivered,92.90,18.75,,,,11,-10,false
511,0870bb57b1b24052c8ac2cd8df433553,1,,,,,,28.99,7.46,,,,,,
512,08796d7a1fa345c5bce8f3f53435e21c,1,,,608,,,79.99,8.72,,,,,,
513,087a1c1dfd41b68ab6a6cd8551147bb2,1,,,,,,27.90,7.46,,,,,,
514,087b9476284aab4d762f05d8c0181aab,1,,,583,,,100.00,53.05,,,,,,
515,087f003cb486254f7454eead9265e992,1,,,,,,298.50,17.76,,,,,,
516,08804ff605210017ad305e46cbd4e3c8,1,,,,,,169.90,12.21,,,,,,
517,0890337bc4f93f0370ccdd9a0c8b1f55,1,,,569,,,60.00,16.61,,,,,,
518,0893ae2dd572c400965d60fa77f45076,1,,,,,,99.90,27.00,,,,,,
519,0896eccb8187d6b1738ce4a3a1add1b3,1,,,,,,89.99,15.70,,,,,,
520,0897cfdc3612d0942f33b22a3dd9cd8c,1,,,,,,389.00,21.91,,,,,,
521,08a19256bfef2a2b1f0fc654723a9c71,1,,,,,,89.19,51.34,,,,,,
522,08ac0336730e831f16eeadf576564ff3,1,,,,,,26.00,18.28,,,,,,
523,08b0cc275164eab92e5797432fa89770,1,,,,,,36.20,22.18,,,,,,
524,08b54ba8454bed7d08802bc62e33fbc4,1,,,,,,24.90,11.17,,,,,,
525,08b54ba8454bed7d08802bc62e33fbc4,2,,,,,,24.90,11.17,,,,,,
526,08b54ba8454bed7d08802bc62e33fbc4,3,,,,,,24.90,11.17,,,,,,
527,08bc3c916f77ec2affe03716dd076af2,1,,,900,,,24.99,18.28,,,,,,
528,08bd4784e35a8be0fa12c4f4f91799ac,1,,,,,,66.99,23.19,,,,,,
529,08bf457a7ecf8ba28efb48f0add11cca,1,,,,,,74.00,23.32,,,,,,
530,08c7d364923b6238c246df0fab24d907,1,,,420,,,139.90,23.78,,,,,,
531,08c94cca559ddccd243fc551e088b856,1,,,,,,18.00,22.06,,,,,,
532,08cd76ff1d27c6e6c522bbaead822fd7,1,,,,,,150.00,16.35,,,,,,
533,08d3b6ee17b7cb32e530f4488c3f6abf,1,,,717,,,36.99,14.57,,,,,,
534,08d551ca6776789b820288466888bc3a,1,,,669,,,43.99,19.50,,,,,,
535,08d820f39b00e575ea55d845ac9a13c2,1,,,378,,,29.00,7.46,,,,,,
536,08db644c231a8d55a618af8c9f1280f0,1,,,,,,22.99,12.82,,,,,,
537,08e33dc1bf04d3cbc2fb5e93fbfcd6c2,1,,,,,,67.90,37.85,,,,,,
538,08f6cddc0499702a4dbbd26f2b04b986,1,,,,,,169.90,23.12,,,,,,
539,08f77a9d173ce275845e91e81500838c,1,,,,,,69.90,9.18,,,,,,
540,08fa939ba176d6eb8430ef2990a68245,1,,,463,,,35.90,9.00,,,,,,
541,08fa939ba176d6eb8430ef2990a68245,2,,,463,,,35.90,9.00,,,,,,
542,08fb5d31021fb887ce4ab33b8cdb804e,1,,,,,,50.75,13.02,,,,,,
543,090353bbd0b20f65c374b389aa15dcf4,1,,483,,2018-07-24,delivered,97.50,23.48,,,,10,-12,false
544,090c6fd239a12ac8f6a825897ee15d6d,1,,,,,,114.90,23.60,,,,,,
545,0911316604300fefa8aef39f81380c66,1,,,,2018-07-05,delivered,27.90,7.94,,,,5,-8,false
546,0913c46b1cafecb52e5a9a55b6c0e0fc,1,,,,,,128.00,19.00,147.00,boleto,1,,,
547,0918eb0a00743c2cfeb69cce4fe4fe1e,1,,,,,,37.00,7.52,,,,,,
548,09195dded6636223b79ba89aa778d5fb,1,,,,,,87.99,9.37,,,,,,
549,091c34308e51d6dff47fe839b7aebbd5,1,,,408,,,40.00,9.59,,,,,,
550,09249f4625a56408772a45322aadd544,1,,,,2018-08-07,delivered,119.90,18.94,138.84,credit_card,8,9,-7,false
551,092dd56170a9fa63acf80b11ef09f095,1,,,,,,55.90,7.65,,,,,,
552,0937ee5de4e9482b7503bae26f9d243f,1,,,,,,149.00,19.14,,,,,,
553,095a4047965f98a409258e1db6c99e79,1,,,,,,119.99,44.64,,,,,,
554,096375c5433ecff9fd971ca2bdd40f1b,1,,,548,,,38.95,19.18,,,,,,
555,0967ab27ef08c9ab5cb890eb3c1f8f5b,1,,,,,,27.90,18.30,,,,,,
556,097255cccb9ac174d481479fae72556d,1,,,332,,,189.90,8.59,,,,,,
557,09744659d8e64274cf91bb288d9c3aec,1,,,775,,,364.00,64.80,,,,,,
558,0978aeeb31e430bca8401306d75a8164,1,,,717,,,69.99,23.29,,,,,,
559,097d24fcfb2b0afac45ea41ab4d91694,1,,,61,,,155.00,15.48,,,,,,
560,09859a28d56f326d009da66f7d02e99d,1,,,,,,299.00,63.26,,,,,,
561,0987363c91de454d42d084b84a691f99,1,,,,,,155.97,8.35,,,,,,
562,09a5c8d751662bfb96c5a3307619cb36,1,,,,,,199.00,14.42,,,,,,
563,09a5c8d751662bfb96c5a3307619cb36,2,,,,,,149.00,14.43,,,,,,
564,09a93e48d7e84fa082320df90b072c7b,1,,,988,2018-08-03,delivered,105.00,23.50,,,,11,-1,false
565,09b6daf7c780e789668ee3b7f4bda1c5,1,,,,,,76.90,19.73,,,,,,
566,09b8d47d2f753e1c1ee4da43e4429ff5,1,,,,,,416.99,46.72,,,,,,
567,09b9364d966593e51c1edead847fd220,1,,,378,,,44.00,8.95,,,,,,
568,09b9364d966593e51c1edead847fd220,2,,,,,,117.87,22.39,,,,,,
569,09be8ba0b5c0e3195ef77302707a192f,1,,,,,,249.90,44.32,,,,,,
570,09be8ba0b5c0e3195ef77302707a192f,2,,,,,,150.00,44.33,,,,,,
571,09c0caffae8336db750e232298e4a574,1,,,958,,,330.00,39.22,,,,,,
572,09c10d01ea598b37493ee93aa01cb066,1,,,538,,,9.90,15.23,,,,,,
573,09c55723561623b19ad72cf0299d58bc,1,,,532,,,89.00,23.42,,,,,,
574,09c55723561623b19ad72cf0299d58bc,2,,,532,,,89.00,23.42,,,,,,
575,09c8e8de8792915ab68564b4420f246f,1,,,,,,29.90,18.31,,,,,,
576,09ca36d55d4afbcc785cf9def43c9078,1,,,,,,18.90,13.47,,,,,,
577,09ce422617b0ec4c246ceb2922ea1ea1,1,,,800,,,43.50,23.11,,,,,,
578,09ced678dfa43843d2f38c410def94aa,1,,,,2018-08-05,delivered,79.90,18.66,,,,4,-13,false
579,09dcf31f117fe39a78c3a166109c07df,1,,,,,,99.99,18.50,,,,,,
580,09ddda124332d6c2489fba71284be7b6,1,,,909,,,69.50,18.59,,,,,,
581,09de1c09553be98d80e730e53641c515,1,,,334,2018-08-20,delivered,289.00,21.21,,,,5,-10,false
582,09e7742cede3e38bad12bf8e4e015d6c,1,,,,,,162.90,19.24,,,,,,
583,09e90e3936db197d43b9bde1291c307d,1,,,,,,72.90,14.09,,,,,,
584,09ec142bfa34576d3914bdf8c19927c2,1,,,885,,,14.90,9.22,,,,,,
585,09ec142bfa34576d3914bdf8c19927c2,2,,,885,,,17.90,4.61,,,,,,
586,09ec142bfa34576d3914bdf8c19927c2,3,,,885,,,14.90,9.22,,,,,,
587,09fd1722d038ec5290cb862bb8ed8e46,1,,,,,,149.00,27.34,,,,,,
588,09fd9b0402ed675bbd1ee1e81171ac7c,1,,,,,,144.90,65.46,,,,,,
589,0a00e9b0112a0e7ba031426a31659196,1,,,396,,,49.90,37.26,,,,,,
590,0a00e9b0112a0e7ba031426a31659196,2,,,396,,,49.90,37.26,,,,,,
591,0a05e512c3e656802c930be4c1766c2a,1,,,,,,49.99,7.61,,,,,,
592,0a06917fb1c4d93dddc71d9ca7dd8790,1,,,569,,,32.00,18.37,,,,,,
593,0a0bb5e5ea635dc355ca8ef22dfac150,1,,,,,,99.00,15.79,,,,,,
594,0a0d25405f3880fbd46619f0852c250d,1,,,,,,39.00,13.35,,,,,,
595,0a0e76ba55e310fd24657a1f532b97c1,1,,,,,,129.00,77.98,,,,,,
596,0a131976e98291762104959158e2bdc6,1,,,,,,599.00,66.44,,,,,,
597,0a1d3041cccb0462981aec3f0b1ad106,1,,,,,,49.90,15.45,,,,,,
598,0a2820ea58a627b97ba956f38567cae8,1,,,,,,50.20,13.69,,,,,,
599,0a297271052d25a8fd815cd06ec90aaf,1,,,,,,95.90,11.69,,,,,,
600,0a2c9c3fedb974fcf5a8a569e9ba9da9,1,,,,,,99.00,15.79,,,,,,
601,0a31cde0de75146ec6aa043161f74cf3,1,,,784,,,229.99,58.09,,,,,,
602,0a327f9c209a8317bacc1f86dda65f52,1,,,116,,,49.90,8.51,,,,,,
603,0a36bd172604d49ae57f2ae440a0dc70,1,,,758,,,199.99,28.35,,,,,,
604,0a3bd18b5c5d505aedd969dbba6ff069,1,,,,,,279.90,33.75,,,,,,
605,0a3d9f14b1781670b56b1832ba291095,1,,,775,,,364.00,31.80,,,,,,
606,0a4480a7856cae897440eb7229b25252,1,,,,,,105.99,13.40,,,,,,
607,0a457a7e838f772d804eebe8d6261ed0,1,,,608,,,74.99,8.69,,,,,,
608,0a461e390d6d2280c86fa9a76b3a0e68,1,,,,,,179.00,20.22,,,,,,
609,0a4c05d2e1ae812a342af2f5c9a34b36,1,,,378,,,58.00,2.17,,,,,,
610,0a4c05d2e1ae812a342af2f5c9a34b36,2,,,378,,,55.00,21.68,,,,,,
611,0a4c05d2e1ae812a342af2f5c9a34b36,3,,,,,,29.90,4.34,,,,,,
612,0a54256bfd2401d553f81d8e37e5305d,1,,,,,,86.00,22.53,,,,,,
613,0a56861d762ee1f82f5cdc2de2b1f71a,1,,,,,,24.99,8.34,,,,,,
614,0a6e8d7b7db627f4863678eba2a98eef,1,,,,,,390.00,49.68,,,,,,
615,0a7ef385ee9080d0edef043521ec3114,1,,,378,,,78.00,18.65,,,,,,
616,0a7f4604ee9cab65020038275efe1d76,1,,422,383,,,11.27,12.79,,,,,,
617,0a7f4604ee9cab65020038275efe1d76,2,,422,383,,,11.27,12.79,,,,,,
618,0a7f4604ee9cab65020038275efe1d76,3,,422,383,,,11.27,12.79,,,,,,
619,0a84606bdb8331708400882d2e921524,1,,,892,,,33.49,7.97,,,,,,
620,0a8488f892c3e8631099327c1ec55d08,1,,,516,,,80.00,51.28,,,,,,
621,0a87254b512c79f0943355540a189d77,1,,,971,,,137.90,63.22,,,,,,
622,0a881bec2e3ae03ba47a8d04d5dfc450,1,,,688,,,124.90,13.17,,,,,,
623,0a896d016dd3a53c584129cd14e0875c,1,,,834,,,23.99,7.43,,,,,,
624,0a90fd1ec2b6416cf95f9f9dbca21d9a,1,,,,,,34.99,19.44,,,,,,
625,0a92bad75c24fdf33ed2a18801262e89,1,,,,,,42.90,13.64,,,,,,
626,0a998b0552bd0e04c7b38f0f58737c54,1,,341,485,,,112.00,13.44,,,,,,
627,0a9a43ac5fe59c6c4bee2a8f9b9fcce8,1,,,,,,39.90,18.38,,,,,,
628,0aa3718b7db60c5ebec88b485cb975db,1,,,,,,28.50,12.86,,,,,,
629,0aaf81645c52d55b9baff5411037d070,1,,,,,,59.89,17.35,,,,,,
630,0ab3d92f71090c758d1df7ff889a9335,1,,,624,,,225.00,12.60,,,,,,
631,0abc7357d2bbb06a7d4d0b2a24d4ebd3,1,,,324,,,274.49,14.22,,,,,,
632,0abe0832bcbe8e17c2ee4b5b9fd05216,1,,,,,,79.99,16.75,,,,,,
633,0ac37dcbb2a733a4d81866a91ff65965,1,,,,,,52.88,18.47,,,,,,
634,0ac69790e2a6e4c075edbd78648a3594,1,,,,,,7.50,7.39,,,,,,
635,0acc21fa1eb63678e12042b84f8f9d49,1,,,,,,41.99,18.39,,,,,,
636,0acd987fec172c76297f6aadad48c67a,1,,,,,,19.99,7.40,,,,,,
637,0ad9d4e4f4c9746b59ddb9c18d30d241,1,,,,,,100.00,51.42,,,,,,
638,0adf68e8a310f18fc7e75cffa60901b2,1,,,900,,,27.99,7.46,,,,,,
639,0ae310aba8893f64631cffc380d5db8b,1,,,,,,59.95,9.17,,,,,,
640,0af07373c6e0f41a0660087bf63d7c64,1,,,,,,25.89,18.28,,,,,,
641,0afd81117f1c67a42890fb705304cb8d,1,,,,,,75.00,36.61,,,,,,
642,0afd81117f1c67a42890fb705304cb8d,2,,,,,,75.00,36.61,,,,,,
643,0affd51e37e6621004e4fe4fd7c64f4b,1,,,,,,1325.90,27.38,,,,,,
644,0b0809b2b64511c62fb745fb8b465cc9,1,,,,,,33.90,12.90,,,,,,
645,0b0809b2b64511c62fb745fb8b465cc9,2,,,,,,33.90,12.90,,,,,,
646,0b0809b2b64511c62fb745fb8b465cc9,3,,,,,,33.90,12.90,,,,,,
647,0b0809b2b64511c62fb745fb8b465cc9,4,,,,,,33.90,12.90,,,,,,
648,0b0809b2b64511c62fb745fb8b465cc9,5,,,,,,33.90,12.90,,,,,,
649,0b0809b2b64511c62fb745fb8b465cc9,6,,,,,,33.90,12.90,,,,,,
650,0b0adccd993fe865dc205586fc9fd045,1,,,378,,,78.00,15.65,,,,,,
651,0b0f3c7a9bcb6ad1fccab28f9240da6f,1,,,,2018-07-11,delivered,64.99,31.48,,,,2,-10,false
652,0b137ac032763829e728afcfee3ac3f2,1,,,,,,169.90,19.36,,,,,,
653,0b16257b1b7ee0922ea03954f2cae85a,1,,,,,,113.10,8.21,,,,,,
654,0b17b204a1785111272edfadb2aa9e94,1,,,,,,95.34,14.98,,,,,,
655,0b1c59b14d8f5965dea7bc2db28a34ee,1,,,,,,29.90,18.31,,,,,,
656,0b20c9791c7a502fc70f7f542e9a1405,1,,,,,,22.32,22.88,,,,,,
657,0b223d92c27432930dfe407c6aea3041,1,,,,,,209.00,46.48,,,,,,
658,0b223d92c27432930dfe407c6aea3041,2,,,,,,209.00,46.48,,,,,,
659,0b27e5029dd7bd0891b5da96fa33a93b,1,,,548,,,55.65,52.74,,,,,,
660,0b2861128d87d7a2b9c85eb25a514d0b,1,,,,,,402.35,20.92,,,,,,
661,0b2a86ad4de68092f2026ba5cdccc64e,1,,,,,,144.50,39.52,,,,,,
662,0b2e6b4673da2264a5318ef4abe1fd44,1,,,,,,66.99,9.16,,,,,,
663,0b3348cfaae0bca40b23a36b64c7b941,1,,,,,,39.99,19.47,,,,,,
664,0b33796d2382e9a9fde619a584ba7216,1,,,,,,20.90,12.81,,,,,,
665,0b3506e1bbe1a7086dc5f9f41c594b8e,1,,,,,,114.90,47.46,,,,,,
666,0b372cdcdd4134fc5f7695426339ce84,1,,,,,,99.99,57.47,,,,,,
667,0b3ca8c9e3b3199306adb467fcd0e982,1,,,,,,34.75,50.96,,,,,,
668,0b3d6a3ba1e60a466b54775dcff1bf7d,1,,,77,,,169.99,41.48,,,,,,
669,0b3e1c68302779e0c67d97c5b8ed17f7,1,,,743,,,319.00,24.51,,,,,,
670,0b3f84ce012f341897587c6e4e73f68e,1,,,,,,138.00,60.20,,,,,,
671,0b468af2e7c3af5bce986f443aa69083,1,,,834,,,46.00,7.58,,,,,,
672,0b47f5e9432bd433f8c5cf64e60e6e5f,1,,,311,,,170.00,53.54,,,,,,
673,0b497dc78b09ae400416eabda31cf6ea,1,,,,,,89.99,11.65,,,,,,
674,0b49ef15b00408f4b3cc8c7ac0c5ae19,1,,,,,,74.39,19.71,,,,,,
675,0b4d60b8c7aa289e337094f0fb7ec296,1,,,,,,225.00,44.25,,,,,,
676,0b5143acf46cd4dd573604b449451bcc,1,,,,,,129.00,14.48,,,,,,
677,0b52695e8c759b22075c6937089c4158,1,,,569,,,10.00,7.39,,,,,,
678,0b5588f04551d90ee148462bb65dfddf,1,,,,2018-07-18,delivered,118.99,27.13,,,,16,-6,false
679,0b5680deaa067376ba987f02b755e8bd,1,,,357,,,57.60,26.70,,,,,,
680,0b584b729bdfec204ec2aa5d21d6ca56,1,,,206,2018-08-03,delivered,55.90,22.32,,,,11,-9,false
681,0b5a860df8a893e7020960b28cd67196,1,,,,,,53.30,12.67,,,,,,
682,0b5a860df8a893e7020960b28cd67196,2,,,,,,53.30,12.67,,,,,,
683,0b5bc52b360d662aac171cf7ae46f187,1,,,378,,,75.00,7.79,,,,,,
684,0b5d86d1d6e2e765f19774b9572b1987,1,,,849,,,249.90,16.06,,,,,,
685,0b685cd6f272b410ca1a0cd1fbf0a548,1,,,518,,,69.90,18.29,,,,,,
686,0b75da0be2772eb19f522706b2078530,1,,,,,,24.99,13.52,,,,,,
687,0b82d0616f1ad8da15cf967b984b4004,1,,,153,,,25.00,8.69,,,,,,
688,0b84f3f6163172e6ede5bbd0b5b98394,1,,,,,,46.00,14.62,,,,,,
689,0b8a99d7c60d2f4d09e094e974261cb2,1,,,311,2018-07-16,delivered,219.00,20.44,,,,8,-15,false
690,0b8c19c0cc7dce8d3706d6f67008d18a,1,,,,,,29.90,7.95,,,,,,
691,0b8e4fe7f85610340424b314dc68c366,1,,,,,,58.99,15.51,,,,,,
692,0b8f8315c63f765c07a31a8c7e28bad0,1,,,813,,,32.40,18.33,,,,,,
693,0b90ac9175a39196661a45b34be587e4,1,,,621,,,109.00,22.58,,,,,,
694,0b93ff37e8344c6013bad16484c7fbe4,1,,,,,,998.90,222.38,,,,,,
695,0b9bb234d95f41600497d59b42087c39,1,,,,,,199.08,20.30,,,,,,
696,0ba4f7e89d304a02edca85087abfd14c,1,,,812,,,849.00,21.04,,,,,,
697,0baa0062fe85d1ac765aa6ee112bb624,1,,,,,,14.99,7.71,,,,,,
698,0bb4c390179e95dbed8944e735b7da62,1,,,,,,93.50,18.75,,,,,,
699,0bb6d291f1488ae4922e89c2f6105f33,1,,,,,,105.99,15.84,,,,,,
700,0bb6d291f1488ae4922e89c2f6105f33,2,,,,,,105.99,15.84,,,,,,
701,0bbca56fc4659e5b3ee85bbe37284f13,1,,,,,,31.50,8.38,,,,,,
702,0bcb4fff8fdbd415067a30c6694deb7a,1,,,,,,119.85,23.64,,,,,,
703,0bcbcc3e0a09b3f6a9495de35f452616,1,,,,,,77.99,21.85,,,,,,
704,0bcbcc3e0a09b3f6a9495de35f452616,2,,,,,,77.99,21.85,,,,,,
705,0bd166e72c588bcc71cf432b653c1667,1,,,,,,108.12,9.51,,,,,,
706,0bd8d3c647ff6125dc1689eecf809a90,1,,,,,,16.90,15.23,,,,,,
707,0be098c4a208559b0e6c96c3254481a7,1,,,,,,298.50,17.19,,,,,,
708,0be2b529a3bc3a0f53bf110c1f01eeb4,1,,,,,,27.99,8.36,,,,,,
709,0bf50993f89a58468cac45f3ef587c96,1,,,,,,10.89,7.39,,,,,,
710,0bf5c5b5e96bce9d0093165a1697d8f9,1,,,,,,79.90,19.75,,,,,,
711,0bfa8870838091fe8171ed69f6b89fee,1,,,608,,,24.99,7.44,,,,,,
712,0bfa8870838091fe8171ed69f6b89fee,2,,,608,,,24.99,7.44,,,,,,
713,0bfc01cee9ffff85b714520ca97f4b21,1,,,204,2018-07-27,delivered,69.00,13.96,,,,6,-8,false
714,0c06719338eba9ad30362c43bad76d87,1,,,,,,23.50,17.97,,,,,,
715,0c06719338eba9ad30362c43bad76d87,2,,,,,,23.50,17.97,,,,,,
716,0c06719338eba9ad30362c43bad76d87,3,,,,,,23.50,17.97,,,,,,
717,0c06a823dbc08a3948528a087cc01906,1,,,,,,59.90,16.61,,,,,,
718,0c0aeabd6ae9d7a303af615334a220d0,1,,,,,,74.98,23.26,,,,,,
719,0c0aeabd6ae9d7a303af615334a220d0,2,,,101,,,39.90,7.75,,,,,,
720,0c0aeabd6ae9d7a303af615334a220d0,3,,,,,,74.98,23.26,,,,,,
721,0c0aeabd6ae9d7a303af615334a220d0,4,,,,,,74.98,23.26,,,,,,
722,0c0b4c682dc77d70dbc4cf1ed44ede36,1,,,,,,63.49,8.60,,,,,,
723,0c0c2969d3adf4fffa3753dcc37f135d,1,,,,2018-08-15,delivered,26.99,18.29,,,,6,-8,false
724,0c1e49ce507979f2fb222498663ce653,1,,,,,,188.16,27.62,,,,,,
725,0c1eabff9739bc1f4ac404d1a8a13db5,1,,,814,,,169.99,23.99,,,,,,
726,0c1f1a0595fb30e05d526ab83576cd24,1,,,,,,14.90,7.39,,,,,,
727,0c228d925a49aa5e3b35febb948f4f72,1,,,476,2018-07-24,delivered,144.90,16.11,,,,6,-9,false
728,0c23c36327d99027c61ca570921b0fb7,1,,,378,,,78.00,18.65,,,,,,
729,0c283c8e0c146f4528295a6f4ade284f,1,,,,,,139.00,19.07,,,,,,
730,0c2cbbfae44e4f2bd7c747a2c2b05bbe,1,,,,,,29.90,7.47,,,,,,
731,0c2cf3b3583c8f83ff9b3122d44fdaeb,1,,,,,,15.90,7.39,,,,,,
732,0c305fc5f37a5b8e64e24b2ea39b7aad,1,,,,,,80.00,14.14,,,,,,
733,0c349a33319c2d39efe799b472d71e7d,1,,,378,,,29.00,18.30,,,,,,
734,0c38c51b8a775bccbf8a0e340be3cece,1,,,,,,69.99,23.21,,,,,,
735,0c3d62f1aa70d604db3bc56082aee4ca,1,,,,,,249.90,16.06,,,,,,
736,0c3d62f1aa70d604db3bc56082aee4ca,2,,,,,,249.90,16.06,,,,,,
737,0c41735db7b9b04cffb97ff1309cbee4,1,,,851,,,39.00,22.99,,,,,,
738,0c47aeb0b91c17647935a2b53c38d083,1,,,386,,,219.00,10.28,,,,,,
739,0c4af986e0aaede577f05163c1ee5911,1,,,,,,128.59,19.00,,,,,,
740,0c505e1ce394e4cd4ccaedf5fcdbc9b0,1,,,655,,,19.99,18.24,,,,,,
741,0c51a7661156c6f9ae61b33610dca175,1,,,,,,110.32,8.03,,,,,,
742,0c532a9c46c5090a74edf2c28388699a,1,,,699,,,779.00,26.75,,,,,,
743,0c557a5449164d3001dc41d9bcb3298e,1,,,,,,29.90,18.31,,,,,,
744,0c57cbfd927d9e62af8beee6d48920b7,1,,,,,,26.00,7.44,,,,,,
745,0c57cbfd927d9e62af8beee6d48920b7,2,,,,,,26.00,7.44,,,,,,
746,0c57cbfd927d9e62af8beee6d48920b7,3,,,,,,26.00,7.44,,,,,,
747,0c57cbfd927d9e62af8beee6d48920b7,4,,,,,,26.00,7.44,,,,,,
748,0c57cbfd927d9e62af8beee6d48920b7,5,,,,,,26.00,7.44,,,,,,
749,0c5f42741cb893d18fdbdce191decef5,1,,,,,,119.00,20.02,,,,,,
750,0c6a2732270e3f0f66bd73dbde93b59e,1,,,,,,13.99,7.39,,,,,,
751,0c6b011f8a4f87010c23995f5807d152,1,,,378,2018-08-20,delivered,43.00,23.02,,,,8,-16,false
752,0c6ec1022958b35c45335231ea396ad2,1,,,,,,149.99,57.53,,,,,,
753,0c70293ae727a4e81099ec24e6190342,1,,648,378,,,59.00,15.51,,,,,,
754,0c73b283fdefcef04be55400a4f6ccd1,1,,,378,,,45.00,17.25,,,,,,
755,0c760c32925c8a67562a4621ff46556e,1,,,47,,,48.60,22.27,,,,,,
756,0c79ffcb0fed5ff297c2a68be02f4f8c,1,,,,,,79.90,18.66,,,,,,
757,0c7ac4325ae837f28df12a94a51cf375,1,,,,,,55.00,15.49,,,,,,
758,0c7c52a4d8b572ef9b01e3cdd38288e6,1,,,,,,34.99,15.35,,,,,,
759,0c7c52a4d8b572ef9b01e3cdd38288e6,2,,,,,,34.99,15.35,,,,,,
760,0c7e21efc59802d22c10a8fd7d3501ab,1,,,,,,46.90,12.99,,,,,,
761,0c7eb5879f5e105bea55f6edcc70659c,1,,,,,,43.90,9.06,,,,,,
762,0c80c82bdef7f227e7483cdd3c94f697,1,,,,,,39.60,16.47,,,,,,
763,0c8703831f0dff29ae877f4f9cce845c,1,,99,,,,229.99,58.38,,,,,,
764,0c89556cf6859f7e4b104f2883aa1b97,1,,,,,,38.00,12.93,,,,,,
765,0c89556cf6859f7e4b104f2883aa1b97,2,,,,,,38.00,12.93,,,,,,
766,0c905768040f5d51c3cccf00256ddcd3,1,,,,,,259.90,23.75,,,,,,
767,0c91f244ab45cbe4383163d46635b442,1,,,,,,29.90,7.47,,,,,,
768,0c92cd0095b2e1f57c013f2094f4e434,1,,,,,,98.90,53.04,,,,,,
769,0c986e5002868d137f566b34fb183827,1,,,,,,129.90,16.22,,,,,,
770,0c99132c4ff916416ba8f74c378f1cbc,1,,,,,,119.99,15.94,135.93,credit_card,4,,,
771,0c9c2a32f57d7b49bacbe81e5534cbba,1,,,,,,29.90,12.87,,,,,,
772,0c9f41e58fc40c21ef9150e610aa6691,1,,,,,,81.90,15.67,,,,,,
773,0c9f9c0fc3c5d9e40e88bbb5910042bb,1,,,,,,48.90,9.09,,,,,,
774,0ca4b3b797fddd6288abcd726e5669e3,1,,,717,2018-08-21,delivered,36.99,23.06,,,,8,-5,false
775,0cb25b24a27e27dd18273360995e99f4,1,,,590,2018-07-23,delivered,19.90,7.40,,,,2,-8,false
776,0cbd0d96e2c18087121c68e209f4e8a3,1,,,435,,,19.90,12.80,,,,,,
777,0cc61cbbb97b708ac85f95f24e7e4439,1,,,,,,91.55,15.74,,,,,,
778,0cc7bb57999d251da473822051388086,1,,,,,,44.99,7.58,,,,,,
779,0cc893e70885ba7fc151e85141326ef5,1,,,,,,34.90,18.01,,,,,,
780,0cc893e70885ba7fc151e85141326ef5,2,,,,,,34.90,18.01,,,,,,
781,0cc893e70885ba7fc151e85141326ef5,3,,,,,,34.90,18.01,,,,,,
782,0ccb5b7bf95c5b642f3717b08c633361,1,,,548,,,22.49,18.26,,,,,,
783,0ccc4d2c7102c48188f50be5107fe442,1,,,,,,1670.00,68.17,,,,,,
784,0cce1e1470bc8d35d6a2bebb6991bc1b,1,,,,2018-08-03,delivered,33.99,20.19,,,,13,-15,false
785,0cd74b0dbfef5f1f8dbdcb3128f0dc51,1,,,,,,122.99,53.21,,,,,,
786,0cd778893772d400d2ad0a7d2feda5b8,1,,,813,,,29.99,18.31,,,,,,
787,0cd86c0a1fa24bd440af2866ae16995d,1,,,314,,,24.90,18.27,,,,,,
788,0cdbb064516056ec9be699ddabadc42c,1,,,473,,,174.90,24.02,,,,,,
789,0ce3dcca0c123ec98cc73a514f7e9922,1,,,,,,21.20,19.06,,,,,,
790,0ce94e50ed7d28e7856f3d127990d17c,1,,,210,,,315.00,36.50,,,,,,
791,0cedb7b34000334cf6a9e407fcaa5203,1,,,,2018-07-11,delivered,222.00,19.65,,,,14,-6,false
792,0cef0a9c1d74d5ec485fb3195191caa1,1,,,,,,250.00,87.42,,,,,,
793,0cf00d58f941ec9b27dc839a9c6e91e4,1,,,,,,168.90,19.28,,,,,,
794,0cf4406688aab4ea5593cc48304e8887,1,,,,,,24.99,7.44,,,,,,
795,0cf8068e7b7318f0e518be23c903b9f2,1,,,311,,,170.00,10.32,,,,,,
796,0cf80be143500050973f324c3e068196,1,,,813,,,36.75,18.36,,,,,,
797,0cf94dad2e99f0fb2c10e52d62c4e560,1,,,,,,114.08,13.46,,,,,,
798,0d07bd4924272608e7804bd91993ba33,1,,,,,,58.90,23.21,,,,,,
799,0d0b6cc488971eabaf999e0fca2b7bfe,1,,,,,,17.75,23.28,,,,,,
800,0d17115bd61c612a87f11a25e904f8fc,1,,,623,,,227.17,17.78,,,,,,
801,0d221dabf9051681797df7bba5701cb6,1,,,,,,85.99,27.55,,,,,,
802,0d23171e8f59317b049b93ff11bf3cb7,1,,,814,,,179.99,15.57,,,,,,
803,0d24d62857c1f2d00801a3512dce5d1f,1,,,892,2018-07-19,delivered,43.00,18.40,,,,7,-15,false
804,0d24d62857c1f2d00801a3512dce5d1f,2,,,892,2018-07-19,delivered,43.00,18.40,,,,7,-15,false
805,0d28f995a2a25ad8106b1fe23e23297b,1,,,,,,11.87,7.39,,,,,,
806,0d29aa08fa516b98d8668e1eb4a57bdd,1,,,,,,189.90,35.72,,,,,,
807,0d2b97cf9a17b4e44a12371fa7536c1c,1,,,,,,45.97,19.51,,,,,,
808,0d3268bad9b086af767785e3f0fc0133,1,,,,,,188.99,15.63,,,,,,
809,0d379ed81a9bf10489b4509f3559ca90,1,,,378,,,55.00,18.49,,,,,,
810,0d4677b0223bd9ec9dc8182d6afa70aa,1,,,,,,66.99,27.75,,,,,,
811,0d5286ba45f14f5c1d188ccfe21a79c4,1,,,311,,,295.00,29.35,,,,,,
812,0d536196878234ebc112ee9c2cd160fd,1,,,,,,84.00,19.50,,,,,,
813,0d5cbb8e4c1c7a7fc26899126197a6b9,1,,,,,,140.00,15.29,,,,,,
814,0d5d3777270af3ab88e1ad0e74c57e52,1,,258,,,,126.98,31.76,,,,,,
815,0d5fb8614978748bcfbef448c8a74a17,1,,,,,,181.50,20.46,,,,,,
816,0d6350e1fa2acb1318e3a53d52333e25,1,,,,,,27.49,18.29,,,,,,
817,0d68ee25f75190aba2b49bf9f25f8f6a,1,,,,,,122.99,30.11,,,,,,
818,0d702a2aa767d3a728780f8b61e31a46,1,,,378,,,49.00,7.60,,,,,,
819,0d71624d3497568c5af4fa0fc5faa967,1,,,,,,789.99,23.63,,,,,,
820,0d73da8896404cedc9b3a6e25e6d94b6,1,,,952,,,795.00,63.65,,,,,,
821,0d7ef227c3cb5f6a3fc62c0beb5e11cd,1,,,,,,23.90,19.36,,,,,,
822,0d80d0e27b1dc1e7eab3528b17464069,1,,,,,,237.00,9.82,,,,,,
823,0d8431891873947fe9dc5b7e980cbf39,1,,,237,,,25.00,7.44,,,,,,
824,0d88db9608d798b5d604f668ca3c9bb6,1,,,991,,,189.00,9.48,,,,,,
825,0d898acc80d3c7a150bd832ac4050c81,1,,782,,,,49.90,15.45,,,,,,
826,0d8bde7325af3ab269064a609e832c91,1,,,,,,149.00,67.57,,,,,,
827,0d8bde7325af3ab269064a609e832c91,2,,,,,,149.00,67.57,,,,,,
828,0d91eecd335defba92a82bc3f062225a,1,,,,,,139.98,18.75,,,,,,
829,0d922ec2be9bd5e75e225b6bacfdc4d6,1,,,,,,27.50,7.45,,,,,,
830,0d92f9c47e96d946ca421dd3ea531b2a,1,,,784,2018-07-30,delivered,209.99,35.23,,,,8,-6,false
831,0da2f53b590353e40a328c2d8c3dd010,1,,,548,2018-08-16,delivered,27.93,15.30,,,,7,-21,false
832,0dbcaa88e213607d3795e96eda505c73,1,,,717,2018-07-01,delivered,42.99,13.88,,,,6,-13,false
833,0dbd7242192102a62fc3677d4d42b5a1,1,,,,,,59.90,11.91,,,,,,
834,0dc7533a0c0ca1829f5a42eabed32f0a,1,,,,,,2221.00,104.22,,,,,,
835,0dcfff35f1d2e0fb46301c92143663f9,1,,,,,,69.95,14.80,,,,,,
836,0dd15079372ce401518ac26321947143,1,,,,,,79.00,18.65,,,,,,
837,0de2b30e13d8f2dec50a37917bdac7d0,1,,,958,,,330.00,10.47,,,,,,
838,0de9012381a06cf0b025e60e60c7dbc5,1,,,,,,59.90,13.08,,,,,,
839,0decb14beb4de8d3b4e37103e81f119b,1,,,379,,,34.90,17.17,,,,,,
840,0df047ac4fa1b5eed06cc188e54fd23e,1,,,,,,39.00,12.93,,,,,,
841,0df047ac4fa1b5eed06cc188e54fd23e,2,,,,,,39.00,12.93,,,,,,
842,0df84fd499d4271993b678c5509f3779,1,,,,,,150.99,17.25,,,,,,
843,0dfa57672b4853ecb26cd28c31a79e54,1,,,,,,58.67,8.57,,,,,,
844,0dfa86a9022c9929b3d7311150151f68,1,,,851,,,65.00,22.39,,,,,,
845,0dfe811c6d5e59581eb93ef96fc13d72,1,,,,,,59.99,23.14,,,,,,
846,0e0170b61d0a01970751c69f238a4dc2,1,,,,,,31.70,7.48,,,,,,
847,0e0170b61d0a01970751c69f238a4dc2,2,,,,,,31.70,7.48,,,,,,
848,0e0170b61d0a01970751c69f238a4dc2,3,,,,,,31.70,7.48,,,,,,
849,0e053aa097eda67e25b3934ef3eca8a8,1,,,839,,,195.00,23.30,,,,,,
850,0e0fa429a12bc8105554270a3a52ce97,1,,,,,,69.99,15.59,,,,,,
851,0e1501cd30758f584d1fa67cc6f9493a,1,,,,,,120.00,16.79,,,,,,
852,0e1670a6f68c72266681ed85b4e4f73a,1,,,608,,,44.99,15.42,,,,,,
853,0e1ab5408ec0c9ece6adcbb661b3a901,1,,,,,,189.00,53.67,,,,,,
854,0e1ddbe485dfa358d24e22e5394d0484,1,,,913,,,320.45,26.01,,,,,,
855,0e1ddbe485dfa358d24e22e5394d0484,2,,,,,,43.11,6.95,,,,,,
856,0e259b373316a562c9e71cd725ce1120,1,,,,2018-08-17,delivered,54.90,22.31,,,,8,-10,false
857,0e26d0a204b8688d2481b72560ac3ddf,1,,,,,,229.00,27.66,,,,,,
858,0e2cb01a7fe8e20a0dc09ee72a5d8346,1,,,405,,,210.00,8.73,,,,,,
859,0e33201d95dd99ef2fc82d81732957b2,1,,,912,,,49.99,13.01,,,,,,
860,0e3f0e36f889146f31ef72cfeb1a1d30,1,,,804,,,95.28,18.91,,,,,,
861,0e520b5aa77bac2965d232c9a023229d,1,,,,,,269.00,19.68,,,,,,
862,0e52eaa92a794742da29c413a23a7b80,1,,341,485,,,119.00,18.93,,,,,,
863,0e578caa492e82502cbc4abe275042a2,1,,,442,,,159.00,19.21,,,,,,
864,0e5be31b9db540adad7d42899c64aa26,1,,,,,,195.90,18.58,,,,,,
865,0e630c27c4c2e4919aa18c4861c86aaf,1,,,,,,59.99,24.03,,,,,,
866,0e6f08a9522bf9b1287fb24ab250dd81,1,,,,,,166.29,9.85,,,,,,
867,0e784a85d6f7aa0ffe9a41d81f5a4ecf,1,,,,,,27.90,7.46,,,,,,
868,0e78cb0dc0e9e34f24bab8c86de949f1,1,,,,,,167.68,20.36,,,,,,
869,0e7be6aaa59ac324e8b9b4e71a84f3be,1,,,,,,68.99,11.50,,,,,,
870,0e8488c62611eb99cdf174e019bf9d8a,1,,,,,,269.00,44.55,,,,,,
871,0e8a52f34b055d2027ea7807c20119c4,1,,,,,,70.00,21.79,,,,,,
872,0e8f35f2fcf52b21069856048a64a929,1,,,,2018-07-03,delivered,97.50,23.48,,,,6,-22,false
873,0e93edf664c68e407889c757350ef76a,1,,,,,,473.00,21.62,,,,,,
874,0e947809a364825d9cd3af9fe3197074,1,,857,54,,,104.90,19.64,,,,,,
875,0e958d055789e054bf7483acea302398,1,,,,,,29.90,18.31,,,,,,
876,0e96a13c8fd38b3cf8d5f8e30b7a7b8b,1,,,,,,34.99,15.35,,,,,,
877,0e9a5de04c76a97588efe7f216942de2,1,,,484,,,189.90,14.91,204.81,boleto,1,,,
878,0e9a725e04f3fbc13f28d8f17c861013,1,,,892,,,65.49,9.15,,,,,,
879,0e9ed1bc6589695f10e03b8eca833201,1,,,,2018-08-20,delivered,118.13,17.02,,,,3,-28,false
880,0e9f9f05e9d249728b37d577ce0661da,1,,,,,,105.00,12.23,,,,,,
881,0ea0b98a6722a5624e92e4fac9970b45,1,,,,,,127.26,27.19,,,,,,
882,0ea5fe4904bdca87f8cc726a5bb5d768,1,,,,,,129.00,16.00,,,,,,
883,0ea948e1fe88f71d0724adcdf03f3a1a,1,,,,,,119.00,27.13,,,,,,
884,0ea9b1519a74b738d828ad5705acdd1f,1,,,,,,149.90,12.54,,,,,,
885,0eb2e52e71b7f59b62ea59b139e5a254,1,,,608,,,99.00,8.85,,,,,,
886,0eb4cf49eff3cd15badb759ac543cd2a,1,,,,,,27.90,18.30,,,,,,
887,0eb7dc4e9168fd2e3bc791983492d99a,1,,,764,,,49.90,7.61,,,,,,
888,0eb943e25686a73425894fcc95e842e3,1,,,378,,,49.00,38.68,,,,,,
889,0eb943e25686a73425894fcc95e842e3,2,,,378,,,55.00,3.87,,,,,,
890,0eb943e25686a73425894fcc95e842e3,3,,,378,,,55.00,3.87,,,,,,
891,0eb9e3204a220fb573180f4e6cd1c63a,1,,,,,,13.99,18.23,,,,,,
892,0ebd409ca379ce0ed8b24e8f5a59a8ea,1,,,,,,9.90,15.23,,,,,,
893,0ec20feeac30045e916578f17c2085e2,1,,,,,,68.50,3.25,,,,,,
894,0ec20feeac30045e916578f17c2085e2,2,,,,,,68.50,3.25,,,,,,
895,0ec20feeac30045e916578f17c2085e2,3,,,,,,68.50,9.75,,,,,,
896,0ec20feeac30045e916578f17c2085e2,4,,,,,,68.50,9.75,,,,,,
897,0ec20feeac30045e916578f17c2085e2,5,,,,,,68.50,9.75,,,,,,
898,0ec20feeac30045e916578f17c2085e2,6,,,,,,68.50,3.25,,,,,,
899,0ec4af8420f96af137f9b52194956497,1,,,,,,369.00,16.88,,,,,,
900,0ecc4db762e9de55ecdc2f22e468cfe9,1,,,138,,,119.00,23.55,,,,,,
901,0ecff8cca2d76a428d055ec79b94f0a1,1,,,,,,139.99,43.26,,,,,,
902,0ed1446f58635d09909c65b72da38267,1,,,243,,,49.90,22.28,,,,,,
903,0ed9d0447248a2cdfab50c897e1d61bc,1,,,620,,,329.00,25.45,,,,,,
904,0ee78b4d78116d8d91f47dc4b290f526,1,,,,,,44.90,12.61,,,,,,
905,0ee8b349c2365dd4a396a819fc586cc1,1,,,,,,177.00,51.96,,,,,,
906,0ee97b38c4a4fd3b8d3c243e60b4cd44,1,,,958,,,330.00,10.47,,,,,,
907,0eec617eceb2ecbaec84cb904530b048,1,,,,,,110.89,18.88,,,,,,
908,0eedbfca467b1eca111793663c125e30,1,,,,,,62.50,23.24,,,,,,
909,0eef7e4ed65516867584806c217bd0f4,1,,,,,,179.90,49.34,,,,,,
910,0ef649628b81b1b6562026090e37b98b,1,,,,,,11.87,7.39,,,,,,
911,0ef7129ab98149bcbd4aadde9ba093d9,1,,,,,,19.99,12.80,,,,,,
912,0ef716d86b77c7bf750b25ef9249d193,1,,,780,,,79.90,19.75,,,,,,
913,0f04257628f269da8bcc26b6839d66f5,1,,,,,,139.00,51.69,,,,,,
914,0f090dd2d83a9d755108584313c8208d,1,,,,,,5.85,18.23,24.08,credit_card,4,,,
915,0f090dd2d83a9d755108584313c8208d,2,,,,,,5.85,18.23,24.08,credit_card,4,,,
916,0f18445c75633a4beb91e985a0907b8c,1,,,963,,,39.24,14.59,,,,,,
917,0f1a032292563a581f27eac807f97a05,1,,355,793,,,38.60,13.61,,,,,,
918,0f20a3721e8997ae2f771ec8cf0c4d3d,1,,,,,,59.90,5.44,,,,,,
919,0f20a3721e8997ae2f771ec8cf0c4d3d,2,,,,,,84.90,16.32,,,,,,
920,0f20a3721e8997ae2f771ec8cf0c4d3d,3,,,,,,84.90,16.32,,,,,,
921,0f20a3721e8997ae2f771ec8cf0c4d3d,4,,,,,,84.90,16.32,,,,,,
922,0f213d7015dad47737aecd4d7403f919,1,,,,,,175.06,19.03,,,,,,
923,0f2eddab2cf0edb934c4086172712081,1,,,,,,79.00,13.89,,,,,,
924,0f2fc60f7acb6782b5490389a5a89c08,1,,,86,,,22.00,22.87,,,,,,
925,0f34156bfdc1f9ea431eebf0b9343d42,1,,,,,,73.02,41.49,,,,,,
926,0f375a22986f5561dd6c2a22c86c6b25,1,,,,,,89.90,13.97,,,,,,
927,0f38051157b7ad1d4e0b6c5d20de6ae7,1,,,,,,20.00,18.83,,,,,,
928,0f38051157b7ad1d4e0b6c5d20de6ae7,2,,,,,,20.00,18.83,,,,,,
929,0f38051157b7ad1d4e0b6c5d20de6ae7,3,,,350,,,19.87,6.28,,,,,,
930,0f38051157b7ad1d4e0b6c5d20de6ae7,4,,,,,,20.00,18.83,,,,,,
931,0f39e640d202449c6fd3aebf9b09f1fd,1,,,608,,,24.99,15.28,,,,,,
932,0f3c5ae029d4593f5dad8e97e29ffdad,1,,,,,,95.20,16.86,,,,,,
933,0f44fd64ee902f504aefed510fbcb8e7,1,,,,,,49.00,13.68,,,,,,
934,0f4ac89389a25eb2b1d923e4ed43c0a6,1,,,,,,95.20,20.62,,,,,,
935,0f4b2457d1334bf89f2227405e775293,1,,,787,,,94.50,26.96,,,,,,
936,0f581e286111b6b5e757cecec3815151,1,,,441,,,149.99,22.98,,,,,,
937,0f63563be96b463e62d59a8d51ef5d3d,1,,,,,,189.90,14.91,,,,,,
938,0f63c3a2e4c3e3ba27c7452c1f83621c,1,,,,,,220.70,28.50,,,,,,
939,0f6c56738e9a7a30c78b735a231d3f56,1,,,921,,,148.00,22.64,,,,,,
940,0f6c56738e9a7a30c78b735a231d3f56,2,,,413,,,156.90,22.64,,,,,,
941,0f6ce0bef7443fbfd5076ab3abfceaa2,1,,,,,,349.90,19.38,,,,,,
942,0f6d4797b3933b25519398b754dfe58c,1,,,608,,,99.00,15.79,,,,,,
943,0f71c6da7b8d96627eb368097e8ca4dc,1,,,,,,39.90,15.38,,,,,,
944,0f75a37d009ad9d4a48e51e7cd1dff46,1,,,,,,169.00,109.85,,,,,,
945,0f75f2844ce21ea30f36b770fe2459c3,1,,,,,,18.90,22.06,,,,,,
946,0f8415c6898be42b337b26a77fcecbee,1,,,,,,379.00,63.63,,,,,,
947,0f93f7603185d299224f49c8aa5025da,1,,,,,,24.90,27.12,,,,,,
948,0f9807b737e645eaa107418a88f30fd6,1,,,,,,169.90,20.38,,,,,,
949,0f9db6b2900040157d27f21ae0f3d86d,1,,,,,,59.99,15.52,,,,,,
950,0f9dcd718955037bf65c97edcee390ff,1,,,,,,49.90,22.28,,,,,,
951,0fa0372b06bb8a9e774500bd29dab06e,1,,,,,,19.99,12.80,,,,,,
952,0fa74380a36f2849cfa58d692f22d5f0,1,,,,,,110.65,51.50,,,,,,
953,0fa9912ed473d9281b394bb3f562cfba,1,,,,,,42.20,9.05,,,,,,
954,0faf27f68362829970b17e9b0989b20d,1,,,416,,,797.00,19.89,,,,,,
955,0faf8d02fc7c032316ae70b90e6e1fec,1,,,812,,,369.00,19.51,,,,,,
956,0fb0b963405fa1541484c2f8893b04e0,1,,,,,,320.00,40.99,,,,,,
957,0fb0e71d92a103ce203e4b32be458d9b,1,,,,,,69.90,8.65,,,,,,
958,0fbfabe0eab1da587d8cb38f67efa0dd,1,,,,,,143.90,12.03,,,,,,
959,0fc5deb2df203e00080d925c2c8d1dfd,1,,,77,,,179.90,23.01,,,,,,
960,0fc664e3e9937dfcef8a126f89b976ad,1,,104,,,,69.99,18.59,,,,,,
961,0fc8b7fbf6a7c5ab753e2e3d0ae70d8f,1,,,,,,99.90,15.01,,,,,,
962,0fc95c806aba2b8aef43db06838ec606,1,,,,,,2160.00,27.42,,,,,,
963,0fcc8a86bc6abccde37d94e2a28f17b9,1,,,569,,,32.00,8.97,,,,,,
964,0fe8aad910ff05e73b0ddb0a89e61b21,1,,,459,2018-07-01,delivered,39.00,18.37,,,,5,-20,false
965,0feb8ce954124d3e3d8338c573a9c523,1,,,378,,,55.00,7.61,,,,,,
966,0feb8ce954124d3e3d8338c573a9c523,2,,,378,,,45.00,7.62,,,,,,
967,0ff22bde315f6d0807028be76d9e736d,1,,,224,,,59.00,15.51,,,,,,
968,1011743f27a84fef8503f748cb1d951e,1,,,,,,129.97,8.17,,,,,,
969,101181f5adb1f9b1084fc5ded1160d75,1,,,300,,,36.90,18.36,,,,,,
970,10119d4db66b009219ceafdedfe38741,1,,448,,,,119.85,43.12,,,,,,
971,1014139cb79293614f86603cc2c0b2f5,1,,,,,,150.00,17.32,,,,,,
972,101625de5f3ea8064a2900b7b9235491,1,,,,,,154.90,19.23,,,,,,
973,10251ca016384afb8d4954da5fb3b419,1,,,,,,289.90,71.99,,,,,,
974,10251da35626072605d693e816f297ca,1,,,,,,98.90,14.99,,,,,,
975,102b81e48c621d25f4c7ccb27af0ffc6,1,,,,,,81.90,8.73,,,,,,
976,103298c1f34006ce17094246325d0322,1,,,,,,17.90,18.23,,,,,,
977,103407760762721e1dbb7247b5f7c331,1,,863,,,,29.99,18.31,,,,,,
978,10394a4c18a22780ffb66c96fa737494,1,,,,,,19.90,7.40,,,,,,
979,10394a4c18a22780ffb66c96fa737494,2,,,,,,19.90,7.40,,,,,,
980,103de323ece563a1012b4b6adf5a81b2,1,,,,,,105.00,9.67,,,,,,
981,1046a71a57b33b4a92f9f932237f1ab0,1,,778,,,,25.99,18.28,,,,,,
982,1046c724dec8bc31545703d07c378073,1,,,861,,,23.99,7.43,,,,,,
983,10475e2c60a553298676870162a6bed5,1,,,,,,20.90,18.25,,,,,,
984,104b23439f7dc2291659a26f2237abdc,1,,,,,,200.00,15.71,,,,,,
985,1055cb7f0f2cfc6ec8a445b1034c2546,1,,,,,,14.50,19.04,,,,,,
986,106b5dd21daaf566b13f54cecc9ad32f,1,,,671,,,139.00,23.77,,,,,,
987,107184b32040eb4fb9bfad381805d105,1,,,,,,179.90,52.34,,,,,,
988,1072218ec4a811eca0a85325da45ac25,1,,,,,,27.90,7.94,,,,,,
989,107c13bd61028594c5dd87a1acf92f45,1,,,473,,,124.90,51.74,,,,,,
990,107dc783817b4509bdbe7e66998f5a24,1,,,,,,24.00,18.27,,,,,,
991,108901afd62abfc81344668ddc554620,1,,,,,,19.90,8.30,,,,,,
992,108c3238d247dead3fd7423cf8990c5b,1,,,569,,,12.00,18.23,,,,,,
993,1091b43c860fa7d9cea917d1d20dd522,1,,,,,,150.00,49.56,,,,,,
994,109dfb5756c526e783783356f4384b4e,1,,,,,,128.00,19.07,,,,,,
995,109e7f07a4c739fb54edf836bb9ef576,1,,,,,,197.50,21.65,,,,,,
996,10a00d04ca3504e6a7804ccc87050e81,1,,,,,,229.99,18.74,,,,,,
997,10a2c5cabdf1f2dadfa09ab7491f1f04,1,,,,,,15.00,7.39,,,,,,
998,10a44d7bc8f54ea814e6020e0f3e5fbe,1,,,107,,,49.90,41.33,,,,,,
999,10a59a093f3cdb6180f929e3e5637728,1,,,,,,59.99,11.44,,,,,,
1000,10a8ab52ea001eb59beb9c0f97d72eab,1,,,,,,89.99,7.89,,,,,,
